Card_ID,Customer_ID,Card_Type,Card_Network,Credit_Limit,Outstanding_Balance,Card_Status,Issue_Date,Expiry_Date
800001,1115,Platinum,Mastercard,182994,18671,Active,2022-04-02,2027-04-01
800002,1139,Gold,Mastercard,399953,145594,Blocked,2026-05-29,2031-05-28
800003,1101,Platinum,Mastercard,338284,57254,Blocked,2021-09-20,2026-09-19
800004,1077,Gold,Visa,649082,224438,Blocked,2024-06-07,2029-06-06
800005,1175,Classic,Mastercard,828282,515371,Blocked,2022-08-26,2027-08-25
800006,1178,Platinum,Visa,80419,8660,Active,2024-08-04,2029-08-03
800007,1007,Classic,Visa,398864,274156,Expired,2023-10-31,2028-10-29
800008,1119,Classic,RuPay,377576,152115,Active,2024-08-01,2029-07-31
800009,1060,Classic,Mastercard,874710,757946,Blocked,2023-06-22,2028-06-20
800010,1070,Platinum,Mastercard,977605,271250,Blocked,2023-08-26,2028-08-24
800011,1071,Platinum,Mastercard,369004,265714,Expired,2023-04-10,2028-04-08
800012,1059,Platinum,RuPay,593872,222513,Blocked,2024-06-04,2029-06-03
800013,1106,Signature,Visa,898636,304671,Expired,2024-12-04,2029-12-03
800014,1103,Platinum,Mastercard,906194,314432,Expired,2024-10-12,2029-10-11
800015,1106,Signature,RuPay,513531,7082,Active,2021-08-31,2026-08-30
800016,1123,Signature,Visa,593078,257100,Expired,2026-04-24,2031-04-23
800017,1144,Classic,Visa,700925,638521,Expired,2026-07-12,2031-07-11
800018,1156,Signature,RuPay,874673,747049,Active,2026-04-16,2031-04-15
800019,1046,Gold,RuPay,269767,182572,Expired,2022-06-28,2027-06-27
800020,1151,Signature,RuPay,166236,102,Blocked,2022-03-04,2027-03-03
800021,1066,Signature,Visa,490129,320629,Blocked,2022-01-30,2027-01-29
800022,1059,Signature,Visa,649117,147568,Blocked,2023-01-28,2028-01-27
800023,1161,Classic,Visa,711211,706902,Active,2021-10-03,2026-10-02
800024,1110,Gold,Visa,201367,186747,Blocked,2025-10-06,2030-10-05
800025,1162,Classic,Visa,260793,250164,Blocked,2023-12-09,2028-12-07
800026,1101,Classic,Visa,539057,65290,Blocked,2022-05-07,2027-05-06
800027,1023,Classic,RuPay,210948,1856,Expired,2022-03-07,2027-03-06
800028,1127,Classic,Visa,393215,147755,Expired,2025-07-24,2030-07-23
800029,1089,Gold,Mastercard,293477,154759,Expired,2021-12-31,2026-12-30
800030,1011,Platinum,RuPay,663077,218305,Blocked,2023-10-30,2028-10-28
800031,1090,Platinum,RuPay,856776,566375,Expired,2023-05-19,2028-05-17
800032,1113,Classic,Mastercard,597071,484921,Blocked,2024-08-25,2029-08-24
800033,1120,Classic,Visa,310388,232410,Expired,2026-05-10,2031-05-09
800034,1094,Platinum,RuPay,548725,294478,Expired,2025-05-19,2030-05-18
800035,1115,Gold,Visa,664798,491856,Expired,2021-11-09,2026-11-08
800036,1163,Classic,RuPay,547279,94733,Active,2022-11-06,2027-11-05
800037,1006,Signature,Visa,212597,178126,Active,2025-04-17,2030-04-16
800038,1030,Platinum,RuPay,465605,101751,Active,2022-07-30,2027-07-29
800039,1177,Platinum,Visa,185194,67279,Active,2023-02-20,2028-02-19
800040,1004,Classic,Visa,100500,53599,Active,2025-02-10,2030-02-09
800041,1108,Signature,Mastercard,429179,418103,Active,2022-08-16,2027-08-15
800042,1093,Gold,RuPay,445961,61347,Active,2023-08-28,2028-08-26
800043,1150,Gold,Visa,665192,644015,Expired,2023-06-20,2028-06-18
800044,1002,Classic,Mastercard,347205,265321,Active,2022-04-12,2027-04-11
800045,1100,Gold,RuPay,323510,316837,Expired,2024-02-10,2029-02-08
800046,1152,Signature,Visa,845026,290254,Blocked,2023-11-06,2028-11-04
800047,1086,Gold,Visa,925254,119363,Expired,2025-04-03,2030-04-02
800048,1165,Gold,RuPay,453772,363068,Active,2024-07-10,2029-07-09
800049,1093,Gold,RuPay,426297,83801,Active,2022-04-11,2027-04-10
800050,1135,Classic,RuPay,804952,238185,Active,2023-05-28,2028-05-26
800051,1077,Gold,Mastercard,476161,148870,Active,2022-06-12,2027-06-11
800052,1025,Gold,Visa,773676,190465,Expired,2023-06-04,2028-06-02
800053,1150,Platinum,Mastercard,810255,265558,Blocked,2022-01-16,2027-01-15
800054,1068,Signature,Visa,447707,319908,Active,2023-03-10,2028-03-08
800055,1155,Classic,Mastercard,578258,355749,Expired,2023-10-09,2028-10-07
800056,1118,Platinum,Mastercard,367497,34290,Blocked,2022-04-05,2027-04-04
800057,1147,Platinum,RuPay,470696,202522,Blocked,2023-03-06,2028-03-04
800058,1178,Platinum,RuPay,87910,38458,Blocked,2021-11-23,2026-11-22
800059,1074,Platinum,Mastercard,254668,62292,Blocked,2021-08-22,2026-08-21
800060,1128,Signature,Mastercard,582050,197194,Blocked,2023-07-20,2028-07-18
800061,1173,Gold,RuPay,631679,84135,Expired,2021-09-11,2026-09-10
800062,1001,Gold,Mastercard,421653,198719,Expired,2022-10-06,2027-10-05
800063,1034,Platinum,Visa,833878,593504,Blocked,2023-04-13,2028-04-11
800064,1139,Platinum,Mastercard,545542,219188,Active,2023-07-25,2028-07-23
800065,1067,Gold,Mastercard,153745,97297,Blocked,2022-01-05,2027-01-04
800066,1046,Signature,Mastercard,675185,27986,Expired,2022-04-14,2027-04-13
800067,1085,Gold,Visa,490296,30843,Active,2022-09-16,2027-09-15
800068,1086,Classic,Mastercard,403725,269754,Expired,2025-08-16,2030-08-15
800069,1165,Platinum,Visa,853007,40122,Active,2026-08-01,2031-07-31
800070,1122,Gold,Visa,345279,143547,Expired,2024-12-30,2029-12-29
800071,1006,Signature,Visa,905938,356586,Expired,2026-01-19,2031-01-18
800072,1146,Platinum,Mastercard,653518,472270,Active,2023-06-19,2028-06-17
800073,1038,Signature,Mastercard,272485,107454,Active,2022-09-07,2027-09-06
800074,1035,Classic,Visa,137224,137093,Active,2024-05-17,2029-05-16
800075,1137,Signature,Mastercard,624048,323713,Expired,2022-05-21,2027-05-20
800076,1156,Platinum,RuPay,890713,519657,Active,2026-01-03,2031-01-02
800077,1095,Signature,Mastercard,418450,299860,Expired,2025-05-19,2030-05-18
800078,1015,Platinum,Visa,830417,634734,Active,2022-09-23,2027-09-22
800079,1049,Classic,RuPay,482088,66424,Active,2022-08-03,2027-08-02
800080,1038,Gold,RuPay,441516,280877,Blocked,2024-11-05,2029-11-04
800081,1044,Signature,RuPay,721509,390097,Active,2021-10-23,2026-10-22
800082,1028,Gold,Mastercard,80074,72987,Active,2025-09-06,2030-09-05
800083,1023,Classic,RuPay,823846,756802,Active,2023-10-13,2028-10-11
800084,1088,Signature,Visa,187912,36183,Expired,2025-09-01,2030-08-31
800085,1076,Gold,RuPay,602886,8239,Blocked,2024-10-30,2029-10-29
800086,1047,Signature,Visa,539463,523482,Expired,2023-04-23,2028-04-21
800087,1169,Signature,Visa,554729,252241,Blocked,2023-09-26,2028-09-24
800088,1157,Platinum,Visa,972267,639987,Blocked,2026-07-22,2031-07-21
800089,1151,Classic,Visa,558205,232924,Expired,2024-07-12,2029-07-11
800090,1022,Platinum,Visa,187465,3514,Expired,2023-04-25,2028-04-23
800091,1057,Platinum,Visa,684246,321178,Blocked,2026-04-03,2031-04-02
800092,1091,Signature,RuPay,713020,350855,Active,2025-10-26,2030-10-25
800093,1038,Classic,RuPay,640235,296979,Active,2022-04-29,2027-04-28
800094,1046,Gold,RuPay,955441,120696,Active,2023-09-06,2028-09-04
800095,1072,Gold,Visa,801005,735200,Active,2023-11-25,2028-11-23
800096,1030,Signature,Mastercard,192317,52432,Active,2023-05-26,2028-05-24
800097,1091,Classic,RuPay,732991,44960,Expired,2024-06-26,2029-06-25
800098,1128,Gold,Mastercard,827964,415471,Blocked,2024-02-28,2029-02-26
800099,1011,Platinum,Visa,990854,92705,Active,2022-11-18,2027-11-17
800100,1065,Signature,Visa,811047,721469,Expired,2023-04-23,2028-04-21
800101,1084,Gold,Mastercard,309014,274566,Blocked,2026-02-06,2031-02-05
800102,1156,Gold,Mastercard,891242,60174,Blocked,2026-07-30,2031-07-29
800103,1036,Signature,Visa,305150,60769,Blocked,2021-09-01,2026-08-31
800104,1150,Classic,RuPay,188387,173144,Active,2023-07-21,2028-07-19
800105,1004,Classic,RuPay,390388,328214,Blocked,2023-08-23,2028-08-21
800106,1034,Platinum,Visa,204486,192299,Blocked,2021-09-11,2026-09-10
800107,1156,Gold,Mastercard,566305,437048,Active,2022-08-29,2027-08-28
800108,1045,Platinum,RuPay,248497,140778,Active,2025-05-21,2030-05-20
800109,1175,Gold,Visa,799353,165086,Active,2024-01-27,2029-01-25
800110,1045,Signature,RuPay,505667,22887,Blocked,2023-12-28,2028-12-26
800111,1072,Platinum,RuPay,796063,406354,Expired,2024-08-08,2029-08-07
800112,1064,Classic,Mastercard,358636,36029,Blocked,2025-09-13,2030-09-12
800113,1085,Signature,RuPay,751508,384851,Expired,2022-09-30,2027-09-29
800114,1135,Classic,RuPay,491421,70053,Active,2025-11-02,2030-11-01
800115,1076,Gold,Mastercard,753689,745912,Blocked,2026-05-23,2031-05-22
800116,1125,Classic,Mastercard,374695,143150,Blocked,2025-12-29,2030-12-28
800117,1029,Classic,Visa,507684,31428,Active,2025-07-30,2030-07-29
800118,1104,Platinum,Mastercard,544269,35079,Blocked,2025-03-18,2030-03-17
800119,1013,Platinum,RuPay,859838,695468,Expired,2022-06-12,2027-06-11
800120,1034,Platinum,Mastercard,893539,224845,Expired,2024-02-04,2029-02-02
800121,1158,Signature,Mastercard,471363,179856,Active,2025-10-28,2030-10-27
800122,1054,Gold,Mastercard,240093,170234,Blocked,2022-04-20,2027-04-19
800123,1103,Classic,Visa,432442,25106,Blocked,2023-05-21,2028-05-19
800124,1106,Platinum,Visa,61559,56104,Active,2025-12-15,2030-12-14
800125,1106,Classic,RuPay,127385,35515,Expired,2025-11-28,2030-11-27
800126,1110,Platinum,Visa,238547,100228,Expired,2021-11-03,2026-11-02
800127,1119,Signature,Mastercard,957502,446566,Blocked,2025-09-20,2030-09-19
800128,1036,Platinum,Visa,980372,341037,Expired,2025-05-14,2030-05-13
800129,1007,Gold,Mastercard,865436,106328,Expired,2024-09-23,2029-09-22
800130,1049,Platinum,RuPay,593866,514412,Active,2023-01-19,2028-01-18
800131,1157,Classic,RuPay,680370,306080,Expired,2023-07-16,2028-07-14
800132,1005,Signature,Visa,207574,94300,Blocked,2024-02-27,2029-02-25
800133,1147,Signature,Visa,83305,53375,Blocked,2023-06-02,2028-05-31
800134,1047,Gold,Mastercard,424349,126708,Expired,2026-07-01,2031-06-30
800135,1024,Signature,Mastercard,697580,254077,Blocked,2022-02-10,2027-02-09
800136,1084,Signature,RuPay,891388,16033,Expired,2021-10-21,2026-10-20
800137,1122,Gold,Mastercard,170513,86779,Expired,2024-04-10,2029-04-09
800138,1005,Signature,Visa,979652,559608,Active,2023-08-17,2028-08-15
800139,1135,Platinum,Mastercard,126418,45951,Expired,2022-02-05,2027-02-04
800140,1161,Classic,RuPay,898683,211727,Blocked,2022-11-30,2027-11-29
800141,1037,Signature,Mastercard,288602,151743,Active,2025-05-09,2030-05-08
800142,1108,Platinum,Visa,698610,327420,Expired,2026-05-17,2031-05-16
800143,1130,Platinum,RuPay,811262,736442,Blocked,2025-11-24,2030-11-23
800144,1067,Classic,Visa,689422,37384,Active,2024-03-04,2029-03-03
800145,1088,Signature,Visa,85128,56866,Blocked,2024-12-20,2029-12-19
800146,1163,Signature,RuPay,726804,80745,Expired,2026-01-01,2030-12-31
800147,1052,Platinum,Mastercard,462788,137421,Blocked,2026-01-29,2031-01-28
800148,1115,Gold,Visa,764730,352288,Active,2024-08-24,2029-08-23
800149,1142,Platinum,Mastercard,371802,120257,Expired,2021-08-26,2026-08-25
800150,1094,Platinum,RuPay,452617,65030,Expired,2024-12-10,2029-12-09
800151,1135,Classic,Mastercard,921253,851844,Active,2025-12-28,2030-12-27
800152,1138,Gold,Visa,736194,395282,Active,2026-01-22,2031-01-21
800153,1170,Platinum,Mastercard,259199,158733,Blocked,2022-06-08,2027-06-07
800154,1075,Classic,RuPay,292383,109281,Expired,2023-05-09,2028-05-07
800155,1168,Classic,Mastercard,290697,262090,Active,2024-03-23,2029-03-22
800156,1013,Signature,Mastercard,63028,22026,Expired,2022-08-15,2027-08-14
800157,1016,Gold,RuPay,515974,295981,Expired,2026-07-06,2031-07-05
800158,1065,Platinum,Mastercard,797481,418384,Expired,2024-11-06,2029-11-05
800159,1034,Platinum,Mastercard,737739,58590,Blocked,2022-02-01,2027-01-31
800160,1083,Classic,Mastercard,656091,572502,Active,2023-10-08,2028-10-06
800161,1076,Classic,Mastercard,642637,571912,Active,2025-06-19,2030-06-18
800162,1108,Gold,RuPay,852012,440080,Expired,2024-05-17,2029-05-16
800163,1093,Signature,RuPay,358636,61989,Expired,2026-01-31,2031-01-30
800164,1156,Classic,Visa,662400,232043,Blocked,2026-05-17,2031-05-16
800165,1021,Signature,Visa,764717,654466,Active,2025-10-24,2030-10-23
800166,1036,Signature,Visa,792163,556874,Blocked,2022-02-04,2027-02-03
800167,1066,Gold,RuPay,193211,46926,Expired,2025-03-12,2030-03-11
800168,1037,Classic,Mastercard,131269,29722,Expired,2024-05-03,2029-05-02
800169,1168,Signature,Visa,495803,459498,Blocked,2025-10-20,2030-10-19
800170,1172,Signature,Mastercard,210370,37981,Expired,2021-09-23,2026-09-22
800171,1090,Signature,RuPay,149839,76790,Active,2023-02-02,2028-02-01
800172,1110,Gold,Mastercard,128174,127244,Active,2024-04-29,2029-04-28
800173,1027,Classic,RuPay,731778,513864,Expired,2024-07-30,2029-07-29
800174,1130,Classic,Visa,965601,771509,Active,2025-07-06,2030-07-05
800175,1028,Classic,RuPay,211229,107690,Expired,2021-11-13,2026-11-12
800176,1028,Classic,RuPay,529507,500691,Expired,2025-08-16,2030-08-15
800177,1133,Platinum,RuPay,393358,194449,Active,2024-06-09,2029-06-08
800178,1011,Gold,Mastercard,886895,629963,Blocked,2023-02-08,2028-02-07
800179,1088,Signature,Mastercard,272871,147066,Blocked,2025-04-23,2030-04-22
800180,1091,Signature,Mastercard,796272,779101,Expired,2026-05-09,2031-05-08
800181,1147,Platinum,Mastercard,147864,111143,Blocked,2022-01-18,2027-01-17
800182,1008,Gold,Visa,310230,95126,Expired,2024-07-12,2029-07-11
800183,1129,Signature,Visa,667844,370966,Expired,2022-08-19,2027-08-18
800184,1095,Classic,Mastercard,635559,211925,Expired,2024-08-14,2029-08-13
800185,1135,Gold,Visa,170639,101044,Expired,2025-06-06,2030-06-05
800186,1053,Signature,Visa,313207,45621,Expired,2022-10-30,2027-10-29
800187,1128,Gold,RuPay,694995,18512,Blocked,2024-12-28,2029-12-27
800188,1138,Gold,Mastercard,624070,126022,Expired,2025-01-01,2029-12-31
800189,1035,Signature,Visa,925509,210562,Expired,2022-09-02,2027-09-01
800190,1154,Platinum,Visa,425587,341776,Expired,2026-05-04,2031-05-03
800191,1090,Platinum,Mastercard,728184,324770,Active,2026-02-16,2031-02-15
800192,1133,Classic,RuPay,109937,34537,Active,2024-06-18,2029-06-17
800193,1172,Gold,RuPay,649285,402252,Active,2022-09-15,2027-09-14
800194,1027,Gold,Visa,348750,308429,Active,2024-12-03,2029-12-02
800195,1055,Classic,Visa,988876,272315,Active,2026-06-24,2031-06-23
800196,1016,Gold,RuPay,257506,54392,Blocked,2022-06-04,2027-06-03
800197,1163,Gold,RuPay,592560,106807,Expired,2024-03-01,2029-02-28
800198,1074,Classic,Mastercard,204514,3094,Expired,2023-04-23,2028-04-21
800199,1039,Signature,RuPay,724561,611795,Blocked,2025-03-05,2030-03-04
800200,1071,Classic,RuPay,718115,594611,Active,2024-08-22,2029-08-21
800201,1014,Platinum,Mastercard,717545,268248,Expired,2022-07-18,2027-07-17
800202,1108,Gold,Mastercard,156514,29853,Expired,2022-06-09,2027-06-08
800203,1041,Signature,RuPay,282324,163774,Expired,2023-03-14,2028-03-12
800204,1004,Classic,Mastercard,609755,562171,Blocked,2025-10-29,2030-10-28
800205,1074,Platinum,Mastercard,385717,207982,Active,2024-04-06,2029-04-05
800206,1012,Signature,Mastercard,856555,507280,Blocked,2026-07-12,2031-07-11
800207,1077,Signature,RuPay,398776,39108,Active,2023-06-24,2028-06-22
800208,1038,Signature,RuPay,885596,367837,Active,2024-11-05,2029-11-04
800209,1087,Gold,Mastercard,863913,755587,Blocked,2024-11-18,2029-11-17
800210,1015,Classic,Mastercard,808920,599430,Blocked,2023-08-21,2028-08-19
800211,1166,Platinum,Mastercard,367718,322291,Expired,2023-10-22,2028-10-20
800212,1116,Classic,RuPay,528106,411187,Expired,2021-11-17,2026-11-16
800213,1080,Classic,Visa,414507,336890,Blocked,2025-11-08,2030-11-07
800214,1157,Signature,RuPay,448023,407579,Active,2024-07-12,2029-07-11
800215,1176,Gold,RuPay,321727,112532,Active,2022-10-06,2027-10-05
800216,1076,Classic,RuPay,294284,216135,Expired,2026-07-10,2031-07-09
800217,1011,Classic,Mastercard,956862,800127,Blocked,2022-09-27,2027-09-26
800218,1111,Platinum,RuPay,196212,111825,Active,2024-10-11,2029-10-10
800219,1166,Platinum,Mastercard,528945,334597,Blocked,2024-04-07,2029-04-06
800220,1030,Signature,Visa,853741,416084,Active,2022-09-30,2027-09-29
800221,1175,Signature,RuPay,245046,91868,Expired,2021-12-06,2026-12-05
800222,1074,Gold,RuPay,737300,286821,Blocked,2023-04-23,2028-04-21
800223,1038,Platinum,Mastercard,467729,98930,Blocked,2022-10-03,2027-10-02
800224,1127,Gold,RuPay,676089,153174,Expired,2023-05-18,2028-05-16
800225,1070,Classic,RuPay,805715,350348,Blocked,2021-12-26,2026-12-25
800226,1082,Signature,Visa,366534,190651,Expired,2023-02-21,2028-02-20
800227,1153,Classic,Visa,528489,82683,Blocked,2024-08-22,2029-08-21
800228,1018,Classic,Visa,569592,426572,Blocked,2022-08-06,2027-08-05
800229,1018,Signature,Mastercard,642469,288283,Active,2022-02-05,2027-02-04
800230,1159,Platinum,Mastercard,440327,216578,Active,2026-06-10,2031-06-09
800231,1104,Classic,RuPay,119757,22585,Expired,2022-06-25,2027-06-24
800232,1162,Platinum,Visa,816359,24592,Expired,2021-11-24,2026-11-23
800233,1103,Gold,Visa,507949,386391,Active,2024-09-17,2029-09-16
800234,1121,Platinum,Mastercard,451741,74137,Blocked,2025-03-27,2030-03-26
800235,1109,Classic,Visa,418820,65598,Blocked,2023-03-12,2028-03-10
800236,1033,Classic,RuPay,329806,157779,Expired,2021-12-17,2026-12-16
800237,1067,Gold,Mastercard,201913,73137,Blocked,2021-09-03,2026-09-02
800238,1013,Gold,RuPay,982889,568981,Active,2022-04-01,2027-03-31
800239,1061,Platinum,Visa,470946,370323,Blocked,2022-05-18,2027-05-17
800240,1113,Platinum,RuPay,228736,118983,Expired,2022-08-28,2027-08-27
800241,1179,Platinum,RuPay,156893,84485,Active,2022-03-11,2027-03-10
800242,1150,Signature,Visa,648219,280072,Active,2024-07-10,2029-07-09
800243,1076,Signature,Mastercard,300585,103090,Expired,2025-07-17,2030-07-16
800244,1051,Signature,Mastercard,318320,271836,Active,2024-04-21,2029-04-20
800245,1116,Classic,RuPay,605479,432535,Active,2025-02-28,2030-02-27
800246,1006,Classic,Mastercard,642790,640083,Expired,2026-06-03,2031-06-02
800247,1155,Classic,RuPay,235407,111838,Blocked,2022-05-25,2027-05-24
800248,1095,Signature,Visa,717768,185377,Blocked,2026-03-13,2031-03-12
800249,1094,Classic,RuPay,865921,389763,Expired,2023-04-12,2028-04-10
800250,1129,Classic,Mastercard,397351,14631,Blocked,2022-09-01,2027-08-31
800251,1115,Classic,Mastercard,51035,10478,Expired,2022-10-05,2027-10-04
800252,1021,Classic,RuPay,293571,98060,Active,2022-11-17,2027-11-16
800253,1007,Gold,RuPay,902979,156898,Expired,2023-09-18,2028-09-16
800254,1008,Signature,Mastercard,548381,166999,Active,2024-08-14,2029-08-13
800255,1067,Gold,Mastercard,736642,347623,Expired,2023-03-19,2028-03-17
800256,1061,Classic,Visa,644342,68934,Active,2023-02-14,2028-02-13
800257,1154,Gold,RuPay,409995,285004,Active,2023-07-20,2028-07-18
800258,1072,Platinum,Mastercard,473200,50012,Active,2024-11-23,2029-11-22
800259,1011,Platinum,Mastercard,568062,70145,Expired,2022-08-15,2027-08-14
800260,1098,Gold,RuPay,233418,207944,Active,2022-03-15,2027-03-14
800261,1133,Gold,Visa,213465,149521,Active,2024-02-03,2029-02-01
800262,1177,Classic,Mastercard,344316,113526,Active,2023-12-20,2028-12-18
800263,1130,Gold,RuPay,548121,433808,Expired,2021-09-19,2026-09-18
800264,1053,Classic,RuPay,296753,213190,Active,2025-04-06,2030-04-05
800265,1035,Signature,Mastercard,451696,7790,Expired,2022-07-19,2027-07-18
800266,1160,Classic,RuPay,290384,206297,Active,2022-08-25,2027-08-24
800267,1045,Signature,Visa,97523,39795,Active,2022-11-23,2027-11-22
800268,1033,Gold,RuPay,50495,15658,Blocked,2024-05-15,2029-05-14
800269,1178,Signature,Mastercard,436214,412990,Expired,2022-08-10,2027-08-09
800270,1156,Gold,RuPay,527243,292258,Blocked,2025-09-05,2030-09-04
800271,1133,Gold,Visa,374215,262333,Active,2024-08-13,2029-08-12
800272,1123,Signature,RuPay,157191,142602,Blocked,2025-07-13,2030-07-12
800273,1041,Signature,RuPay,304015,110909,Blocked,2021-10-06,2026-10-05
800274,1162,Classic,RuPay,673601,324333,Blocked,2023-08-05,2028-08-03
800275,1020,Gold,Mastercard,687372,615471,Active,2021-10-13,2026-10-12
800276,1014,Signature,Mastercard,920494,737207,Active,2025-04-03,2030-04-02
800277,1118,Platinum,Visa,293920,206800,Expired,2023-03-14,2028-03-12
800278,1032,Signature,Mastercard,518030,256936,Active,2024-07-24,2029-07-23
800279,1168,Gold,Mastercard,91039,61156,Active,2024-04-25,2029-04-24
800280,1036,Platinum,Visa,565939,147009,Expired,2025-01-12,2030-01-11
800281,1016,Signature,Visa,126139,68199,Expired,2026-06-29,2031-06-28
800282,1059,Platinum,RuPay,102637,2445,Active,2022-01-10,2027-01-09
800283,1098,Classic,Mastercard,934385,665128,Blocked,2022-06-11,2027-06-10
800284,1098,Classic,Visa,321459,2701,Expired,2021-12-11,2026-12-10
800285,1103,Classic,Visa,315799,208805,Blocked,2023-09-23,2028-09-21
800286,1054,Classic,Mastercard,428568,421126,Blocked,2025-01-11,2030-01-10
800287,1067,Gold,Mastercard,683997,663262,Active,2022-03-06,2027-03-05
800288,1044,Platinum,Mastercard,338292,190756,Blocked,2022-02-05,2027-02-04
800289,1134,Signature,Mastercard,299308,106133,Active,2024-12-30,2029-12-29
800290,1159,Classic,Mastercard,678193,427875,Active,2023-05-26,2028-05-24
800291,1102,Signature,RuPay,152372,83621,Active,2026-03-06,2031-03-05
800292,1022,Gold,RuPay,477314,248364,Active,2024-09-18,2029-09-17
800293,1147,Platinum,RuPay,636181,183457,Active,2023-06-14,2028-06-12
800294,1106,Classic,Mastercard,730182,591040,Blocked,2026-01-21,2031-01-20
800295,1063,Gold,RuPay,414138,22140,Blocked,2026-02-25,2031-02-24
800296,1176,Classic,Mastercard,349988,342515,Blocked,2022-04-13,2027-04-12
800297,1157,Classic,Visa,216775,14383,Expired,2022-03-22,2027-03-21
800298,1167,Gold,Visa,409083,302499,Active,2026-02-12,2031-02-11
800299,1127,Classic,RuPay,902977,828319,Blocked,2023-03-13,2028-03-11
800300,1117,Gold,RuPay,802131,293873,Blocked,2022-07-23,2027-07-22
800301,1021,Classic,Visa,632847,582187,Active,2025-05-01,2030-04-30
800302,1058,Gold,Visa,121471,46039,Expired,2023-05-17,2028-05-15
800303,1127,Classic,RuPay,916431,593261,Expired,2022-08-25,2027-08-24
800304,1120,Platinum,Visa,972041,232677,Blocked,2024-09-06,2029-09-05
800305,1155,Signature,RuPay,237665,171792,Expired,2024-11-27,2029-11-26
800306,1135,Signature,Mastercard,827025,554686,Active,2023-01-01,2027-12-31
800307,1052,Classic,RuPay,738535,272986,Blocked,2023-06-16,2028-06-14
800308,1001,Gold,RuPay,324721,147608,Blocked,2024-01-13,2029-01-11
800309,1096,Classic,RuPay,193164,25346,Active,2021-10-07,2026-10-06
800310,1118,Platinum,Mastercard,915990,239674,Blocked,2025-01-06,2030-01-05
800311,1032,Signature,Mastercard,463217,288012,Expired,2026-01-05,2031-01-04
800312,1002,Gold,Visa,954846,270731,Expired,2025-08-08,2030-08-07
800313,1179,Signature,RuPay,579623,442245,Blocked,2021-11-19,2026-11-18
800314,1049,Signature,Mastercard,698008,654484,Blocked,2025-10-11,2030-10-10
800315,1083,Gold,Visa,724638,508017,Expired,2023-12-02,2028-11-30
800316,1073,Classic,Mastercard,963621,658167,Blocked,2023-11-16,2028-11-14
800317,1162,Classic,Mastercard,682333,551104,Active,2022-05-24,2027-05-23
800318,1045,Classic,Visa,229343,35144,Expired,2022-09-28,2027-09-27
800319,1178,Platinum,Visa,389763,132891,Blocked,2025-07-01,2030-06-30
800320,1161,Signature,RuPay,837227,18687,Active,2022-02-01,2027-01-31
800321,1097,Signature,Visa,279112,92888,Blocked,2024-10-27,2029-10-26
800322,1130,Gold,RuPay,956169,206122,Blocked,2023-06-06,2028-06-04
800323,1006,Signature,RuPay,988138,785761,Active,2023-12-12,2028-12-10
800324,1058,Platinum,Visa,543716,500335,Active,2022-08-05,2027-08-04
800325,1017,Platinum,RuPay,816657,564968,Active,2024-02-27,2029-02-25
800326,1123,Platinum,Visa,440604,152811,Expired,2025-10-10,2030-10-09
800327,1056,Signature,Visa,190925,121590,Active,2021-08-27,2026-08-26
800328,1030,Signature,RuPay,579650,286390,Blocked,2025-06-26,2030-06-25
800329,1023,Gold,Visa,925832,823541,Active,2021-08-23,2026-08-22
800330,1142,Signature,RuPay,779099,761859,Active,2025-04-12,2030-04-11
800331,1085,Platinum,Visa,312102,232598,Expired,2023-09-13,2028-09-11
800332,1026,Gold,Visa,913270,26387,Blocked,2025-08-01,2030-07-31
800333,1118,Signature,RuPay,341361,196689,Active,2023-07-04,2028-07-02
800334,1069,Platinum,Visa,689817,422396,Blocked,2025-08-12,2030-08-11
800335,1087,Classic,RuPay,257029,48813,Active,2024-08-20,2029-08-19
800336,1035,Gold,Visa,935885,481026,Active,2025-03-25,2030-03-24
800337,1132,Gold,Visa,631418,423303,Active,2022-05-21,2027-05-20
800338,1002,Platinum,Mastercard,485842,392283,Blocked,2024-07-26,2029-07-25
800339,1155,Classic,Visa,779002,329630,Active,2022-11-29,2027-11-28
800340,1059,Gold,Mastercard,437348,56409,Blocked,2023-07-18,2028-07-16
800341,1142,Gold,Mastercard,482636,290421,Blocked,2026-07-26,2031-07-25
800342,1028,Platinum,Mastercard,117917,27149,Expired,2026-03-25,2031-03-24
800343,1064,Signature,RuPay,257482,245735,Active,2022-02-27,2027-02-26
800344,1089,Signature,RuPay,855305,160661,Blocked,2025-05-21,2030-05-20
800345,1173,Signature,Mastercard,765360,742130,Active,2022-04-01,2027-03-31
800346,1144,Gold,Visa,994209,705385,Active,2025-01-01,2029-12-31
800347,1086,Platinum,Mastercard,257594,60404,Expired,2024-12-28,2029-12-27
800348,1094,Gold,Mastercard,990098,183054,Active,2024-07-03,2029-07-02
800349,1125,Classic,Visa,159180,100243,Expired,2023-01-21,2028-01-20
800350,1012,Platinum,RuPay,580063,327443,Expired,2024-12-03,2029-12-02
800351,1016,Platinum,Visa,226316,178808,Expired,2023-01-07,2028-01-06
800352,1154,Classic,Visa,541668,74073,Active,2026-06-03,2031-06-02
800353,1126,Signature,Mastercard,490881,141734,Active,2023-10-15,2028-10-13
800354,1140,Signature,Visa,584662,448190,Blocked,2022-12-13,2027-12-12
800355,1094,Gold,RuPay,458453,34003,Expired,2024-07-16,2029-07-15
800356,1179,Signature,Visa,651483,516315,Expired,2023-04-27,2028-04-25
800357,1155,Gold,Mastercard,479267,144155,Expired,2024-06-01,2029-05-31
800358,1082,Classic,RuPay,717999,492572,Expired,2024-01-30,2029-01-28
800359,1072,Classic,RuPay,923380,274265,Blocked,2022-10-22,2027-10-21
800360,1180,Gold,RuPay,975729,421501,Expired,2022-07-21,2027-07-20
800361,1049,Gold,Mastercard,502656,392638,Blocked,2024-08-18,2029-08-17
800362,1135,Classic,RuPay,354327,4706,Active,2024-04-12,2029-04-11
800363,1077,Gold,Mastercard,545167,213861,Blocked,2026-02-03,2031-02-02
800364,1066,Signature,Mastercard,868555,489093,Blocked,2024-03-25,2029-03-24
800365,1069,Gold,Mastercard,418464,32898,Blocked,2025-06-14,2030-06-13
800366,1076,Classic,RuPay,680327,613030,Expired,2025-03-04,2030-03-03
800367,1016,Classic,RuPay,429725,306783,Blocked,2021-11-15,2026-11-14
800368,1137,Gold,Visa,498420,308324,Active,2024-08-13,2029-08-12
800369,1154,Gold,Mastercard,776700,231375,Blocked,2022-01-23,2027-01-22
800370,1121,Signature,Visa,962180,951646,Active,2024-11-12,2029-11-11
800371,1046,Platinum,Visa,696935,481472,Expired,2025-02-20,2030-02-19
800372,1094,Signature,RuPay,927479,834002,Blocked,2022-12-02,2027-12-01
800373,1028,Signature,Mastercard,488342,42847,Expired,2022-06-07,2027-06-06
800374,1103,Gold,RuPay,324432,5748,Blocked,2024-11-13,2029-11-12
800375,1059,Gold,Mastercard,330100,117134,Blocked,2021-10-09,2026-10-08
800376,1157,Platinum,Mastercard,770785,647938,Expired,2025-11-13,2030-11-12
800377,1111,Signature,Mastercard,876747,68989,Active,2023-08-23,2028-08-21
800378,1175,Platinum,RuPay,797039,39367,Expired,2025-11-07,2030-11-06
800379,1154,Gold,Mastercard,886283,836069,Active,2023-12-21,2028-12-19
800380,1018,Gold,Visa,609008,562326,Active,2023-04-21,2028-04-19
800381,1131,Signature,RuPay,507886,366638,Blocked,2025-11-03,2030-11-02
800382,1154,Gold,Mastercard,987466,71588,Blocked,2024-10-10,2029-10-09
800383,1172,Gold,Visa,306651,72246,Active,2025-09-03,2030-09-02
800384,1138,Signature,Mastercard,829449,518549,Blocked,2023-09-04,2028-09-02
800385,1052,Classic,Mastercard,573587,8243,Blocked,2023-09-15,2028-09-13
800386,1025,Gold,Visa,889215,595155,Active,2024-05-30,2029-05-29
800387,1021,Classic,RuPay,938041,107528,Active,2025-03-15,2030-03-14
800388,1152,Platinum,Mastercard,956053,714452,Blocked,2025-09-26,2030-09-25
800389,1177,Classic,Mastercard,997697,39542,Active,2022-02-14,2027-02-13
800390,1107,Platinum,Visa,333132,289777,Expired,2023-11-16,2028-11-14
800391,1104,Platinum,Visa,396493,74489,Active,2025-04-02,2030-04-01
800392,1081,Signature,Mastercard,947257,863639,Active,2023-02-26,2028-02-25
800393,1112,Classic,RuPay,500413,45885,Blocked,2022-06-05,2027-06-04
800394,1118,Classic,RuPay,143629,49727,Blocked,2026-03-04,2031-03-03
800395,1004,Classic,Mastercard,470534,205962,Expired,2025-04-22,2030-04-21
800396,1015,Signature,Visa,767815,759266,Active,2026-07-19,2031-07-18
800397,1010,Gold,Visa,384736,214588,Active,2021-12-06,2026-12-05
800398,1093,Platinum,RuPay,114076,77031,Blocked,2025-04-02,2030-04-01
800399,1167,Gold,Mastercard,332223,72579,Blocked,2024-11-24,2029-11-23
800400,1107,Gold,Mastercard,264098,149158,Expired,2025-03-17,2030-03-16
800401,1016,Classic,Mastercard,591209,258959,Active,2023-09-21,2028-09-19
800402,1062,Gold,Visa,432794,301420,Active,2022-05-05,2027-05-04
800403,1078,Gold,Mastercard,417622,10948,Blocked,2022-08-06,2027-08-05
800404,1123,Platinum,RuPay,769886,513691,Blocked,2025-03-21,2030-03-20
800405,1022,Gold,RuPay,983648,213144,Blocked,2026-04-01,2031-03-31
800406,1013,Platinum,Mastercard,707487,106742,Expired,2022-01-27,2027-01-26
800407,1003,Platinum,RuPay,360696,79649,Active,2023-07-27,2028-07-25
800408,1084,Signature,Mastercard,445989,385217,Active,2021-11-07,2026-11-06
800409,1080,Gold,Mastercard,701233,339820,Blocked,2023-08-18,2028-08-16
800410,1065,Classic,Visa,925089,605274,Active,2026-07-18,2031-07-17
800411,1173,Gold,RuPay,315689,233176,Expired,2025-08-04,2030-08-03
800412,1001,Platinum,Mastercard,204243,108547,Active,2023-07-05,2028-07-03
800413,1108,Signature,RuPay,252951,187086,Blocked,2026-04-11,2031-04-10
800414,1095,Platinum,RuPay,443634,401001,Expired,2024-01-15,2029-01-13
800415,1149,Signature,RuPay,594735,443504,Expired,2024-06-19,2029-06-18
800416,1015,Platinum,Visa,817275,785324,Blocked,2022-03-20,2027-03-19
800417,1095,Classic,Visa,401943,53391,Active,2022-04-30,2027-04-29
800418,1065,Gold,RuPay,637467,197055,Expired,2025-03-07,2030-03-06
800419,1025,Platinum,Mastercard,623018,501911,Blocked,2026-05-08,2031-05-07
800420,1059,Classic,Mastercard,197147,74345,Active,2024-01-03,2029-01-01
800421,1024,Platinum,Visa,434783,173552,Active,2024-02-15,2029-02-13
800422,1143,Signature,Mastercard,606089,227813,Blocked,2022-08-13,2027-08-12
800423,1028,Platinum,Mastercard,192008,161978,Active,2022-11-25,2027-11-24
800424,1145,Signature,RuPay,439763,371258,Blocked,2022-05-24,2027-05-23
800425,1115,Gold,RuPay,462206,283149,Blocked,2025-05-17,2030-05-16
800426,1036,Platinum,Mastercard,235423,112975,Expired,2024-06-30,2029-06-29
800427,1039,Gold,RuPay,643297,70608,Blocked,2025-01-09,2030-01-08
800428,1052,Platinum,RuPay,703571,617634,Expired,2024-07-11,2029-07-10
800429,1114,Classic,Mastercard,606594,579137,Blocked,2025-04-11,2030-04-10
800430,1022,Platinum,Mastercard,781535,195432,Blocked,2023-02-13,2028-02-12
800431,1058,Gold,RuPay,905293,865110,Blocked,2023-08-19,2028-08-17
800432,1136,Signature,RuPay,406588,279298,Expired,2022-03-19,2027-03-18
800433,1090,Platinum,Mastercard,345805,237754,Blocked,2025-11-23,2030-11-22
800434,1090,Signature,RuPay,846225,351833,Expired,2023-01-08,2028-01-07
800435,1133,Gold,Visa,414494,82173,Active,2021-10-18,2026-10-17
800436,1150,Signature,Mastercard,213288,52253,Blocked,2025-12-05,2030-12-04
800437,1087,Platinum,Visa,169939,107212,Expired,2025-07-29,2030-07-28
800438,1094,Platinum,Mastercard,245146,143889,Active,2025-08-30,2030-08-29
800439,1033,Platinum,RuPay,319967,191374,Expired,2024-02-24,2029-02-22
800440,1143,Platinum,RuPay,575163,292854,Expired,2024-03-19,2029-03-18
800441,1086,Gold,RuPay,930706,545778,Active,2022-01-02,2027-01-01
800442,1035,Gold,RuPay,985409,645031,Active,2021-11-18,2026-11-17
800443,1073,Platinum,Visa,786213,280020,Expired,2024-06-27,2029-06-26
800444,1030,Classic,RuPay,103190,47140,Blocked,2023-10-17,2028-10-15
800445,1026,Signature,RuPay,363793,111537,Active,2025-10-05,2030-10-04
800446,1021,Classic,Mastercard,776103,382351,Active,2021-12-20,2026-12-19
800447,1063,Platinum,RuPay,604475,90256,Active,2023-05-17,2028-05-15
800448,1107,Gold,Mastercard,826269,632658,Expired,2022-08-02,2027-08-01
800449,1016,Signature,RuPay,528850,82639,Active,2026-01-18,2031-01-17
800450,1073,Classic,RuPay,882206,4858,Expired,2025-01-10,2030-01-09
800451,1084,Gold,Mastercard,538640,150792,Expired,2022-03-03,2027-03-02
800452,1094,Platinum,Visa,491209,427596,Expired,2021-12-17,2026-12-16
800453,1163,Classic,Mastercard,909476,472128,Active,2024-07-11,2029-07-10
800454,1115,Classic,Mastercard,729655,659792,Blocked,2024-06-01,2029-05-31
800455,1078,Signature,RuPay,902341,393525,Active,2024-05-15,2029-05-14
800456,1164,Classic,Mastercard,136239,98852,Blocked,2022-04-18,2027-04-17
800457,1118,Classic,Mastercard,460463,453426,Expired,2021-11-12,2026-11-11
800458,1146,Classic,Mastercard,512317,224163,Blocked,2023-10-30,2028-10-28
800459,1021,Platinum,Visa,393319,25332,Active,2025-09-20,2030-09-19
800460,1089,Classic,Mastercard,413847,347683,Expired,2021-09-28,2026-09-27
800461,1098,Signature,RuPay,753590,76204,Blocked,2025-11-16,2030-11-15
800462,1143,Platinum,Mastercard,683972,280278,Active,2021-12-12,2026-12-11
800463,1051,Classic,RuPay,292116,269530,Active,2022-12-31,2027-12-30
800464,1109,Gold,Visa,428198,29763,Expired,2023-02-28,2028-02-27
800465,1046,Classic,Mastercard,682064,174783,Blocked,2023-03-02,2028-02-29
800466,1044,Signature,Visa,184886,111760,Expired,2024-04-25,2029-04-24
800467,1166,Classic,Visa,598928,34489,Expired,2022-09-24,2027-09-23
800468,1023,Platinum,Mastercard,691242,644957,Blocked,2026-01-20,2031-01-19
800469,1051,Classic,Visa,699087,535144,Blocked,2023-03-24,2028-03-22
800470,1128,Signature,Mastercard,253298,180122,Active,2024-04-11,2029-04-10
800471,1163,Signature,RuPay,875258,741026,Active,2025-08-20,2030-08-19
800472,1130,Platinum,Mastercard,994800,771437,Blocked,2025-09-16,2030-09-15
800473,1142,Classic,RuPay,688635,354582,Expired,2026-04-08,2031-04-07
800474,1117,Gold,Mastercard,517713,457842,Blocked,2026-02-25,2031-02-24
800475,1147,Platinum,RuPay,887374,20425,Expired,2022-06-24,2027-06-23
800476,1045,Signature,Mastercard,89174,32876,Blocked,2026-02-16,2031-02-15
800477,1138,Signature,RuPay,786117,217961,Active,2023-03-29,2028-03-27
800478,1137,Platinum,RuPay,861111,480749,Expired,2022-04-02,2027-04-01
800479,1083,Signature,Visa,745985,696379,Blocked,2023-01-27,2028-01-26
800480,1105,Signature,Visa,157014,137141,Expired,2024-02-03,2029-02-01
800481,1021,Classic,Visa,321230,69174,Active,2022-03-29,2027-03-28
800482,1137,Platinum,Mastercard,773455,63058,Expired,2024-02-11,2029-02-09
800483,1098,Platinum,RuPay,470211,105228,Blocked,2021-10-04,2026-10-03
800484,1178,Platinum,Mastercard,538447,396212,Expired,2022-01-11,2027-01-10
800485,1099,Gold,Visa,101357,79497,Expired,2022-01-06,2027-01-05
800486,1174,Gold,RuPay,435758,157009,Blocked,2023-06-17,2028-06-15
800487,1043,Signature,Mastercard,714901,75878,Expired,2021-12-25,2026-12-24
800488,1080,Platinum,Mastercard,689209,566902,Active,2023-10-23,2028-10-21
800489,1010,Classic,Mastercard,770804,687968,Active,2025-07-29,2030-07-28
800490,1062,Classic,Visa,207921,28379,Expired,2024-02-06,2029-02-04
800491,1004,Gold,Mastercard,658533,206012,Active,2021-11-16,2026-11-15
800492,1169,Signature,Mastercard,767487,89783,Blocked,2024-04-12,2029-04-11
800493,1008,Platinum,Mastercard,958479,154081,Active,2024-12-05,2029-12-04
800494,1157,Gold,RuPay,184697,5510,Expired,2022-03-12,2027-03-11
800495,1049,Classic,Visa,976223,271566,Expired,2023-10-18,2028-10-16
800496,1071,Platinum,Mastercard,917466,6602,Expired,2023-08-10,2028-08-08
800497,1178,Gold,RuPay,506615,366146,Active,2026-01-03,2031-01-02
800498,1054,Signature,Visa,647637,355091,Expired,2023-03-29,2028-03-27
800499,1093,Signature,Visa,173815,42744,Expired,2025-02-14,2030-02-13
800500,1048,Signature,RuPay,608713,195452,Blocked,2023-08-04,2028-08-02
800501,1054,Platinum,Mastercard,678461,57403,Blocked,2024-10-07,2029-10-06
800502,1095,Signature,Visa,285589,111095,Blocked,2023-04-26,2028-04-24
800503,1051,Platinum,Mastercard,459359,410518,Active,2025-05-09,2030-05-08
800504,1052,Gold,Visa,328312,58097,Blocked,2026-02-09,2031-02-08
800505,1093,Classic,RuPay,296407,152447,Expired,2025-01-18,2030-01-17
800506,1096,Signature,RuPay,361062,294634,Active,2021-09-19,2026-09-18
800507,1092,Platinum,Visa,275588,125196,Blocked,2025-09-03,2030-09-02
800508,1026,Gold,RuPay,428011,201713,Blocked,2023-03-04,2028-03-02
800509,1020,Signature,Mastercard,482222,8131,Blocked,2025-03-24,2030-03-23
800510,1090,Gold,Mastercard,855138,82489,Expired,2025-09-08,2030-09-07
800511,1108,Gold,Mastercard,803600,486700,Expired,2021-09-16,2026-09-15
800512,1088,Gold,Mastercard,133623,43886,Expired,2024-07-23,2029-07-22
800513,1014,Gold,Mastercard,386769,176276,Blocked,2024-02-21,2029-02-19
800514,1035,Platinum,RuPay,463623,173645,Blocked,2024-04-26,2029-04-25
800515,1062,Signature,Visa,351882,62401,Blocked,2026-01-23,2031-01-22
800516,1110,Classic,RuPay,196415,24042,Blocked,2021-09-06,2026-09-05
800517,1124,Signature,RuPay,306745,238900,Expired,2022-09-13,2027-09-12
800518,1044,Signature,Mastercard,525646,313632,Expired,2022-06-04,2027-06-03
800519,1014,Gold,Mastercard,840347,91266,Active,2021-08-15,2026-08-14
800520,1106,Gold,Mastercard,481840,187888,Active,2024-10-15,2029-10-14
800521,1130,Platinum,Visa,149548,149150,Expired,2025-12-03,2030-12-02
800522,1101,Gold,RuPay,782902,124395,Active,2023-10-22,2028-10-20
800523,1117,Signature,Mastercard,656545,461361,Active,2026-05-04,2031-05-03
800524,1067,Signature,Mastercard,687213,97112,Blocked,2023-02-13,2028-02-12
800525,1160,Platinum,RuPay,381185,362386,Blocked,2023-06-23,2028-06-21
800526,1053,Gold,Mastercard,738351,542884,Active,2023-02-01,2028-01-31
800527,1158,Signature,RuPay,145839,134664,Expired,2021-11-24,2026-11-23
800528,1146,Platinum,Visa,204759,163923,Active,2025-07-02,2030-07-01
800529,1138,Gold,Visa,118881,26000,Blocked,2021-09-11,2026-09-10
800530,1106,Platinum,RuPay,71265,8599,Active,2023-07-29,2028-07-27
800531,1060,Classic,Visa,943152,335291,Blocked,2026-03-30,2031-03-29
800532,1091,Platinum,Visa,625718,3653,Active,2023-07-16,2028-07-14
800533,1080,Classic,Visa,969857,672001,Expired,2023-11-24,2028-11-22
800534,1170,Signature,Visa,435189,273914,Active,2022-11-25,2027-11-24
800535,1180,Classic,Mastercard,205899,8771,Active,2022-09-26,2027-09-25
800536,1168,Gold,RuPay,538437,281291,Blocked,2022-04-15,2027-04-14
800537,1026,Gold,Visa,67677,32239,Blocked,2022-09-12,2027-09-11
800538,1132,Platinum,Visa,336141,111513,Blocked,2022-08-26,2027-08-25
800539,1094,Platinum,Visa,929902,428833,Expired,2022-10-06,2027-10-05
800540,1096,Classic,RuPay,994435,641200,Expired,2022-07-21,2027-07-20
800541,1116,Gold,Mastercard,404161,210764,Blocked,2025-05-10,2030-05-09
800542,1098,Classic,Mastercard,946918,639324,Active,2025-06-28,2030-06-27
800543,1083,Signature,Mastercard,280510,161606,Expired,2024-07-27,2029-07-26
800544,1085,Gold,Visa,559714,146846,Expired,2021-12-25,2026-12-24
800545,1174,Classic,Mastercard,902981,867549,Blocked,2022-02-12,2027-02-11
800546,1033,Platinum,Visa,934804,816604,Expired,2023-01-25,2028-01-24
800547,1047,Signature,Mastercard,647620,121247,Active,2021-08-17,2026-08-16
800548,1151,Gold,Visa,990783,473493,Blocked,2024-08-02,2029-08-01
800549,1101,Signature,Mastercard,595947,520640,Expired,2025-10-29,2030-10-28
800550,1173,Signature,Mastercard,225569,81549,Expired,2025-12-29,2030-12-28
800551,1145,Platinum,RuPay,962624,761871,Active,2021-08-14,2026-08-13
800552,1148,Platinum,RuPay,471941,369784,Blocked,2025-07-09,2030-07-08
800553,1124,Platinum,RuPay,223176,54461,Blocked,2025-06-03,2030-06-02
800554,1139,Signature,Visa,309131,118720,Active,2022-07-08,2027-07-07
800555,1091,Classic,Visa,281549,172357,Blocked,2022-09-17,2027-09-16
800556,1138,Platinum,Mastercard,820088,686105,Blocked,2025-12-12,2030-12-11
800557,1149,Signature,Mastercard,987464,620960,Active,2023-03-18,2028-03-16
800558,1060,Signature,Mastercard,783921,106532,Active,2023-01-09,2028-01-08
800559,1006,Classic,RuPay,275049,15686,Active,2025-04-17,2030-04-16
800560,1150,Classic,Mastercard,471459,356263,Expired,2024-07-30,2029-07-29
800561,1058,Signature,Mastercard,504600,176127,Expired,2024-09-13,2029-09-12
800562,1046,Platinum,Mastercard,78009,25258,Active,2025-07-06,2030-07-05
800563,1106,Classic,Visa,811553,82213,Expired,2026-04-13,2031-04-12
800564,1122,Platinum,Mastercard,372555,370279,Blocked,2022-02-18,2027-02-17
800565,1038,Gold,RuPay,231774,12673,Expired,2023-05-15,2028-05-13
800566,1163,Classic,Mastercard,684996,426519,Expired,2024-11-15,2029-11-14
800567,1163,Platinum,RuPay,122564,4747,Blocked,2025-04-04,2030-04-03
800568,1081,Platinum,RuPay,933624,268628,Blocked,2023-01-11,2028-01-10
800569,1059,Platinum,Visa,239522,203787,Blocked,2024-05-30,2029-05-29
800570,1021,Gold,Mastercard,687560,213534,Blocked,2026-02-13,2031-02-12
800571,1123,Classic,Mastercard,180085,9060,Expired,2023-01-02,2028-01-01
800572,1041,Platinum,Visa,194270,152806,Active,2025-11-20,2030-11-19
800573,1081,Signature,Visa,67398,30654,Active,2022-04-13,2027-04-12
800574,1016,Platinum,Visa,641706,90242,Expired,2024-12-26,2029-12-25
800575,1020,Classic,Mastercard,151461,4849,Blocked,2023-04-06,2028-04-04
800576,1094,Classic,Visa,311980,64277,Blocked,2025-08-31,2030-08-30
800577,1008,Classic,RuPay,280746,191900,Active,2022-05-12,2027-05-11
800578,1162,Gold,RuPay,974183,624480,Blocked,2023-10-08,2028-10-06
800579,1087,Platinum,Mastercard,625219,482229,Active,2026-01-02,2031-01-01
800580,1089,Platinum,RuPay,487578,453923,Active,2026-03-19,2031-03-18
800581,1135,Classic,Mastercard,228381,96961,Active,2026-02-22,2031-02-21
800582,1058,Signature,Mastercard,569133,30305,Expired,2026-02-10,2031-02-09
800583,1037,Gold,RuPay,668284,336243,Blocked,2024-12-24,2029-12-23
800584,1035,Platinum,Visa,609271,240126,Blocked,2025-10-19,2030-10-18
800585,1124,Platinum,RuPay,604975,239940,Active,2026-03-02,2031-03-01
800586,1089,Platinum,Visa,386528,320650,Blocked,2025-11-27,2030-11-26
800587,1167,Classic,Visa,510028,492497,Blocked,2025-03-03,2030-03-02
800588,1106,Platinum,RuPay,602305,568826,Expired,2022-10-19,2027-10-18
800589,1162,Signature,Mastercard,119524,50852,Blocked,2023-06-03,2028-06-01
800590,1037,Signature,Visa,948086,528973,Active,2025-03-04,2030-03-03
800591,1050,Gold,Mastercard,634075,606619,Expired,2024-11-25,2029-11-24
800592,1028,Signature,Mastercard,993084,281116,Expired,2026-07-29,2031-07-28
800593,1122,Classic,Visa,961162,418381,Blocked,2021-11-09,2026-11-08
800594,1135,Platinum,Mastercard,127069,8666,Active,2022-04-16,2027-04-15
800595,1055,Platinum,Visa,452836,76073,Active,2025-03-03,2030-03-02
800596,1116,Signature,Visa,102808,99275,Active,2025-06-07,2030-06-06
800597,1151,Gold,Mastercard,613781,157796,Active,2025-07-09,2030-07-08
800598,1145,Classic,Mastercard,145318,18096,Blocked,2023-06-26,2028-06-24
800599,1122,Platinum,Mastercard,85865,26290,Expired,2022-05-27,2027-05-26
800600,1093,Platinum,Visa,575025,135334,Active,2024-01-11,2029-01-09
800601,1044,Platinum,Mastercard,898208,79408,Expired,2021-12-28,2026-12-27
800602,1126,Signature,RuPay,740256,287193,Active,2024-01-15,2029-01-13
800603,1023,Platinum,RuPay,361495,34784,Blocked,2023-08-01,2028-07-30
800604,1077,Gold,Mastercard,745414,633445,Expired,2022-02-13,2027-02-12
800605,1165,Classic,Mastercard,112110,81219,Blocked,2023-11-14,2028-11-12
800606,1105,Gold,RuPay,53772,6749,Blocked,2024-05-03,2029-05-02
800607,1119,Signature,Mastercard,245322,244411,Blocked,2023-07-31,2028-07-29
800608,1153,Gold,Mastercard,625600,569980,Blocked,2022-11-23,2027-11-22
800609,1053,Platinum,Visa,546708,339563,Expired,2023-03-25,2028-03-23
800610,1151,Signature,Visa,758053,595928,Blocked,2021-08-21,2026-08-20
800611,1051,Gold,Visa,597759,112758,Blocked,2026-07-15,2031-07-14
800612,1108,Gold,Visa,656081,92239,Expired,2022-03-19,2027-03-18
800613,1174,Classic,RuPay,347579,171280,Blocked,2023-12-14,2028-12-12
800614,1126,Signature,RuPay,464302,121198,Expired,2021-08-23,2026-08-22
800615,1158,Gold,Mastercard,741437,356716,Expired,2023-04-24,2028-04-22
800616,1065,Platinum,Visa,639401,472670,Active,2026-03-15,2031-03-14
800617,1155,Classic,RuPay,267675,12081,Blocked,2022-05-06,2027-05-05
800618,1073,Signature,Visa,659879,91522,Active,2021-10-31,2026-10-30
800619,1119,Signature,Visa,929678,180482,Blocked,2025-09-20,2030-09-19
800620,1156,Signature,Visa,978108,255853,Expired,2023-04-17,2028-04-15
800621,1117,Gold,Visa,938874,383852,Active,2022-12-14,2027-12-13
800622,1180,Gold,Visa,706027,233646,Blocked,2021-12-27,2026-12-26
800623,1150,Classic,Visa,450448,147506,Expired,2024-02-12,2029-02-10
800624,1133,Platinum,Mastercard,441811,247983,Blocked,2022-06-08,2027-06-07
800625,1098,Platinum,Visa,315547,146421,Active,2024-07-27,2029-07-26
800626,1071,Classic,Mastercard,882294,72060,Active,2025-12-22,2030-12-21
800627,1068,Gold,RuPay,454965,384417,Active,2025-09-11,2030-09-10
800628,1039,Classic,RuPay,960894,577822,Active,2023-01-14,2028-01-13
800629,1151,Platinum,RuPay,896583,95453,Expired,2026-06-28,2031-06-27
800630,1154,Gold,Visa,90473,81380,Blocked,2024-11-21,2029-11-20
800631,1012,Platinum,Mastercard,313634,118576,Blocked,2023-10-28,2028-10-26
800632,1046,Platinum,Mastercard,968202,167561,Expired,2025-10-12,2030-10-11
800633,1157,Platinum,Mastercard,449745,241811,Blocked,2022-01-28,2027-01-27
800634,1174,Signature,Visa,599499,253257,Active,2023-03-14,2028-03-12
800635,1161,Signature,RuPay,626758,531742,Expired,2023-09-30,2028-09-28
800636,1060,Signature,Mastercard,717657,385171,Active,2026-06-16,2031-06-15
800637,1031,Platinum,Mastercard,288502,103925,Active,2023-10-26,2028-10-24
800638,1029,Gold,Visa,713935,378570,Blocked,2023-12-06,2028-12-04
800639,1138,Classic,RuPay,456086,453256,Active,2026-06-03,2031-06-02
800640,1113,Gold,Mastercard,379153,76011,Active,2025-11-19,2030-11-18
800641,1150,Signature,RuPay,611165,127495,Active,2021-10-07,2026-10-06
800642,1089,Platinum,RuPay,694265,488720,Blocked,2025-10-07,2030-10-06
800643,1106,Signature,Mastercard,829320,96621,Active,2024-01-15,2029-01-13
800644,1053,Platinum,Mastercard,739383,46301,Expired,2022-03-21,2027-03-20
800645,1088,Gold,Visa,112443,5383,Active,2025-08-11,2030-08-10
800646,1167,Signature,Mastercard,652017,434360,Blocked,2024-08-10,2029-08-09
800647,1019,Classic,Mastercard,759882,552764,Blocked,2026-02-22,2031-02-21
800648,1054,Classic,RuPay,533677,298712,Active,2023-06-12,2028-06-10
800649,1153,Platinum,RuPay,274158,225417,Blocked,2024-04-02,2029-04-01
800650,1133,Platinum,RuPay,538923,475846,Expired,2024-04-29,2029-04-28
800651,1102,Classic,Mastercard,895390,862826,Blocked,2024-07-20,2029-07-19
800652,1180,Gold,Visa,205745,23351,Expired,2022-01-01,2026-12-31
800653,1131,Classic,Visa,272542,26399,Expired,2024-03-08,2029-03-07
800654,1154,Classic,RuPay,835377,192968,Active,2026-04-28,2031-04-27
800655,1001,Gold,RuPay,712812,285041,Active,2022-05-24,2027-05-23
800656,1112,Classic,RuPay,648660,260379,Active,2025-03-03,2030-03-02
800657,1101,Classic,RuPay,994935,848404,Blocked,2025-05-10,2030-05-09
800658,1004,Gold,Visa,151541,147054,Blocked,2023-07-09,2028-07-07
800659,1046,Gold,RuPay,625143,224142,Blocked,2021-11-04,2026-11-03
800660,1015,Signature,Visa,68190,18011,Blocked,2021-10-10,2026-10-09
800661,1049,Classic,Mastercard,516150,302745,Expired,2024-03-24,2029-03-23
800662,1125,Platinum,Mastercard,899727,893069,Active,2024-08-29,2029-08-28
800663,1175,Classic,Mastercard,549737,397051,Expired,2025-09-26,2030-09-25
800664,1020,Classic,Mastercard,289857,70928,Active,2024-05-23,2029-05-22
800665,1138,Gold,Mastercard,279344,5699,Blocked,2023-02-23,2028-02-22
800666,1129,Signature,Mastercard,84181,4888,Expired,2024-08-16,2029-08-15
800667,1144,Classic,Visa,471320,168431,Expired,2022-03-20,2027-03-19
800668,1130,Signature,Visa,897394,718215,Blocked,2022-06-06,2027-06-05
800669,1179,Gold,Visa,290832,166897,Active,2025-10-06,2030-10-05
800670,1121,Signature,Mastercard,817753,556092,Expired,2024-02-16,2029-02-14
800671,1117,Gold,Visa,614976,375089,Expired,2025-05-04,2030-05-03
800672,1158,Signature,Visa,375144,367119,Blocked,2024-01-28,2029-01-26
800673,1139,Platinum,Mastercard,508110,471579,Blocked,2025-12-24,2030-12-23
800674,1127,Platinum,Visa,54327,50943,Expired,2024-08-11,2029-08-10
800675,1063,Signature,Mastercard,124549,11575,Active,2025-06-05,2030-06-04
800676,1093,Platinum,Visa,481264,403701,Active,2024-12-08,2029-12-07
800677,1088,Signature,Mastercard,949961,646689,Blocked,2022-07-24,2027-07-23
800678,1128,Classic,RuPay,985057,346467,Expired,2024-04-22,2029-04-21
800679,1012,Gold,RuPay,512789,407320,Active,2026-02-14,2031-02-13
800680,1011,Signature,RuPay,504464,318938,Expired,2024-01-05,2029-01-03
800681,1165,Signature,RuPay,76254,60375,Blocked,2021-10-16,2026-10-15
800682,1166,Platinum,Visa,137840,60624,Expired,2023-04-26,2028-04-24
800683,1135,Classic,Visa,360383,220791,Active,2024-04-04,2029-04-03
800684,1082,Gold,Mastercard,431571,189224,Expired,2022-05-07,2027-05-06
800685,1178,Platinum,Visa,476476,225796,Expired,2025-09-18,2030-09-17
800686,1137,Gold,Mastercard,962971,741113,Blocked,2025-02-02,2030-02-01
800687,1119,Classic,Visa,377949,104193,Expired,2025-04-04,2030-04-03
800688,1168,Platinum,Mastercard,172953,76818,Expired,2022-04-14,2027-04-13
800689,1034,Gold,RuPay,135692,49885,Expired,2025-12-17,2030-12-16
800690,1130,Signature,RuPay,476862,427368,Active,2025-12-12,2030-12-11
800691,1135,Classic,Mastercard,665455,584785,Blocked,2024-08-04,2029-08-03
800692,1114,Platinum,RuPay,413367,328182,Expired,2025-11-29,2030-11-28
800693,1068,Gold,Mastercard,214067,28303,Active,2025-03-15,2030-03-14
800694,1078,Signature,RuPay,653342,553120,Active,2022-02-18,2027-02-17
800695,1100,Gold,Mastercard,599100,342306,Active,2025-08-24,2030-08-23
800696,1173,Platinum,Visa,165403,79101,Blocked,2024-12-20,2029-12-19
800697,1097,Platinum,Mastercard,157227,94087,Active,2024-12-04,2029-12-03
800698,1076,Signature,Visa,85663,74613,Expired,2026-06-21,2031-06-20
800699,1169,Classic,Visa,146661,65384,Blocked,2025-08-20,2030-08-19
800700,1046,Signature,Visa,719037,700453,Expired,2025-11-09,2030-11-08
800701,1011,Platinum,Visa,632191,429480,Expired,2022-11-14,2027-11-13
800702,1119,Platinum,Mastercard,548984,164549,Blocked,2023-02-01,2028-01-31
800703,1156,Classic,Mastercard,587697,190455,Expired,2026-05-03,2031-05-02
800704,1039,Gold,Mastercard,158387,101987,Active,2023-03-30,2028-03-28
800705,1156,Platinum,Mastercard,545248,19082,Blocked,2026-02-06,2031-02-05
800706,1048,Signature,RuPay,163373,116429,Blocked,2025-07-05,2030-07-04
800707,1092,Signature,Mastercard,153980,58957,Active,2021-12-16,2026-12-15
800708,1055,Classic,Visa,920590,297849,Active,2023-07-31,2028-07-29
800709,1075,Signature,Visa,765013,726617,Blocked,2025-11-11,2030-11-10
800710,1007,Platinum,RuPay,999542,655648,Expired,2026-07-03,2031-07-02
800711,1042,Gold,Visa,769751,691170,Expired,2026-08-03,2031-08-02
800712,1040,Signature,Mastercard,415253,287886,Active,2023-09-24,2028-09-22
800713,1106,Gold,Visa,997313,738119,Expired,2026-04-14,2031-04-13
800714,1079,Gold,Visa,245979,106301,Blocked,2026-06-26,2031-06-25
800715,1010,Gold,Mastercard,391122,61773,Active,2023-11-13,2028-11-11
800716,1165,Platinum,Visa,938656,314876,Active,2022-01-31,2027-01-30
800717,1152,Gold,Visa,279772,128272,Blocked,2021-08-09,2026-08-08
800718,1127,Platinum,Visa,83840,72620,Expired,2025-01-12,2030-01-11
800719,1003,Classic,RuPay,491991,396355,Blocked,2022-06-27,2027-06-26
800720,1128,Gold,Mastercard,974303,396078,Active,2024-07-04,2029-07-03
800721,1105,Platinum,Visa,235307,35327,Blocked,2024-07-18,2029-07-17
800722,1118,Gold,Mastercard,189249,90966,Blocked,2024-03-20,2029-03-19
800723,1160,Platinum,Visa,516236,86303,Expired,2023-01-24,2028-01-23
800724,1133,Platinum,Mastercard,226454,186900,Blocked,2023-01-28,2028-01-27
800725,1168,Platinum,RuPay,338790,329151,Expired,2026-06-08,2031-06-07
800726,1139,Platinum,RuPay,582633,464706,Expired,2024-01-15,2029-01-13
800727,1154,Platinum,RuPay,250495,44380,Expired,2022-09-10,2027-09-09
800728,1070,Signature,Visa,246924,95633,Expired,2025-01-17,2030-01-16
800729,1152,Platinum,Visa,568481,553005,Active,2025-12-15,2030-12-14
800730,1112,Platinum,RuPay,960712,608283,Blocked,2025-07-22,2030-07-21
800731,1135,Classic,Mastercard,532489,275593,Blocked,2024-03-18,2029-03-17
800732,1010,Platinum,Visa,198400,95940,Blocked,2024-12-16,2029-12-15
800733,1035,Gold,Mastercard,204259,157697,Active,2024-06-13,2029-06-12
800734,1102,Platinum,Visa,375727,2588,Blocked,2025-12-25,2030-12-24
800735,1026,Signature,Mastercard,251421,179913,Active,2024-11-09,2029-11-08
800736,1161,Signature,RuPay,872145,111697,Expired,2024-05-03,2029-05-02
800737,1162,Platinum,RuPay,365319,329862,Active,2026-03-09,2031-03-08
800738,1049,Gold,Visa,217972,209029,Blocked,2023-12-27,2028-12-25
800739,1145,Classic,RuPay,148659,84095,Blocked,2024-05-09,2029-05-08
800740,1115,Signature,Visa,904029,251135,Expired,2026-04-12,2031-04-11
800741,1008,Classic,Mastercard,928579,866104,Expired,2021-11-21,2026-11-20
800742,1072,Platinum,RuPay,629886,118008,Blocked,2024-09-07,2029-09-06
800743,1016,Platinum,RuPay,832240,744643,Active,2023-01-03,2028-01-02
800744,1111,Gold,Mastercard,227997,118818,Blocked,2025-04-22,2030-04-21
800745,1090,Gold,Mastercard,774192,91747,Blocked,2026-08-02,2031-08-01
800746,1055,Classic,RuPay,353744,1430,Active,2023-05-01,2028-04-29
800747,1139,Classic,Visa,217160,106129,Active,2024-03-05,2029-03-04
800748,1069,Signature,Mastercard,909401,126166,Active,2024-03-21,2029-03-20
800749,1129,Gold,Mastercard,655883,591587,Blocked,2021-09-18,2026-09-17
800750,1096,Signature,Visa,986469,266312,Active,2022-10-19,2027-10-18
800751,1101,Platinum,Mastercard,770420,309457,Expired,2025-07-24,2030-07-23
800752,1054,Platinum,Visa,82800,1969,Blocked,2024-04-13,2029-04-12
800753,1094,Classic,Mastercard,376621,109408,Blocked,2024-11-22,2029-11-21
800754,1061,Platinum,Mastercard,207196,191950,Expired,2022-06-18,2027-06-17
800755,1137,Platinum,Visa,364281,11819,Active,2021-11-06,2026-11-05
800756,1106,Gold,RuPay,988918,784162,Expired,2025-06-04,2030-06-03
800757,1070,Gold,Visa,624846,290949,Expired,2025-08-26,2030-08-25
800758,1180,Classic,RuPay,838146,184007,Expired,2024-10-13,2029-10-12
800759,1142,Classic,Visa,475936,345620,Active,2024-01-30,2029-01-28
800760,1091,Classic,RuPay,723593,448305,Expired,2023-12-08,2028-12-06
800761,1116,Signature,RuPay,914860,238712,Active,2025-03-22,2030-03-21
800762,1176,Classic,Mastercard,585771,189370,Active,2021-11-05,2026-11-04
800763,1058,Signature,Visa,191379,44333,Expired,2025-08-06,2030-08-05
800764,1011,Signature,Visa,133027,58387,Active,2021-08-10,2026-08-09
800765,1144,Signature,Mastercard,875851,252263,Blocked,2022-07-18,2027-07-17
800766,1154,Classic,RuPay,417013,242944,Expired,2024-07-12,2029-07-11
800767,1037,Classic,Visa,115366,76157,Active,2024-08-24,2029-08-23
800768,1155,Gold,RuPay,143792,39690,Blocked,2022-03-31,2027-03-30
800769,1101,Classic,Mastercard,378164,221078,Blocked,2024-07-19,2029-07-18
800770,1109,Classic,Mastercard,963574,639232,Expired,2022-02-08,2027-02-07
800771,1175,Platinum,Mastercard,94140,54605,Active,2025-06-03,2030-06-02
800772,1032,Gold,Mastercard,645396,162844,Expired,2022-08-25,2027-08-24
800773,1071,Classic,Visa,353704,313483,Active,2021-10-18,2026-10-17
800774,1117,Signature,Mastercard,272108,189127,Blocked,2023-11-22,2028-11-20
800775,1136,Classic,RuPay,981572,541095,Active,2024-10-20,2029-10-19
800776,1089,Platinum,RuPay,899007,182938,Expired,2022-01-19,2027-01-18
800777,1014,Signature,Mastercard,959954,578241,Expired,2024-10-17,2029-10-16
800778,1069,Platinum,Mastercard,967636,724151,Expired,2024-10-23,2029-10-22
800779,1051,Classic,Mastercard,70463,34699,Expired,2025-03-01,2030-02-28
800780,1177,Signature,Mastercard,733709,316018,Blocked,2022-03-03,2027-03-02
800781,1015,Gold,RuPay,246047,172272,Active,2022-12-14,2027-12-13
800782,1040,Signature,RuPay,546070,64059,Blocked,2023-11-25,2028-11-23
800783,1096,Platinum,Mastercard,562434,310207,Active,2023-10-16,2028-10-14
800784,1052,Gold,RuPay,975056,568568,Active,2023-12-22,2028-12-20
800785,1108,Signature,Visa,652842,340653,Expired,2024-12-02,2029-12-01
800786,1146,Platinum,Visa,245267,73434,Expired,2022-05-23,2027-05-22
800787,1003,Signature,Visa,847461,14796,Blocked,2021-12-01,2026-11-30
800788,1028,Signature,RuPay,967204,712894,Active,2021-08-28,2026-08-27
800789,1172,Classic,Visa,111647,70100,Expired,2023-01-15,2028-01-14
800790,1076,Platinum,Mastercard,167462,10974,Blocked,2022-12-28,2027-12-27
800791,1092,Signature,Visa,591208,351764,Active,2021-12-21,2026-12-20
800792,1086,Gold,RuPay,593047,127660,Active,2022-12-29,2027-12-28
800793,1151,Gold,Mastercard,752129,99422,Active,2022-11-30,2027-11-29
800794,1110,Classic,RuPay,798841,36917,Blocked,2022-04-30,2027-04-29
800795,1143,Classic,Mastercard,182307,163668,Expired,2025-10-31,2030-10-30
800796,1151,Gold,Visa,573046,17426,Blocked,2025-03-21,2030-03-20
800797,1146,Gold,RuPay,865810,90165,Blocked,2025-05-21,2030-05-20
800798,1168,Gold,Visa,986379,739030,Expired,2023-09-11,2028-09-09
800799,1092,Classic,Mastercard,228989,121737,Active,2024-07-05,2029-07-04
800800,1094,Classic,Mastercard,329458,263664,Blocked,2025-05-21,2030-05-20
800801,1149,Classic,Visa,519404,131172,Blocked,2024-11-10,2029-11-09
800802,1173,Signature,Visa,455394,117354,Blocked,2025-07-06,2030-07-05
800803,1093,Platinum,Visa,530242,355500,Blocked,2023-09-18,2028-09-16
800804,1042,Gold,RuPay,122138,111221,Active,2022-04-17,2027-04-16
800805,1088,Gold,RuPay,175260,73379,Blocked,2022-07-30,2027-07-29
800806,1082,Signature,Visa,847192,299411,Active,2022-02-17,2027-02-16
800807,1079,Platinum,RuPay,587233,155193,Blocked,2022-06-17,2027-06-16
800808,1061,Gold,Mastercard,194769,93492,Blocked,2022-10-22,2027-10-21
800809,1170,Platinum,RuPay,604564,294787,Blocked,2023-11-13,2028-11-11
800810,1088,Gold,Mastercard,290845,57081,Expired,2026-02-13,2031-02-12
800811,1112,Platinum,RuPay,526434,113787,Active,2026-06-15,2031-06-14
800812,1040,Platinum,Visa,867452,715547,Expired,2023-07-08,2028-07-06
800813,1168,Platinum,Visa,300726,223006,Blocked,2021-11-03,2026-11-02
800814,1061,Classic,RuPay,188151,170239,Active,2026-01-25,2031-01-24
800815,1051,Classic,Visa,743351,257884,Active,2023-10-21,2028-10-19
800816,1012,Signature,Visa,131886,45679,Blocked,2021-09-03,2026-09-02
800817,1133,Platinum,Mastercard,902906,103175,Blocked,2024-02-17,2029-02-15
800818,1163,Signature,Visa,950309,239525,Active,2021-08-05,2026-08-04
800819,1123,Platinum,Mastercard,355591,279134,Active,2024-10-29,2029-10-28
800820,1171,Signature,RuPay,308592,18710,Active,2025-10-20,2030-10-19
800821,1093,Platinum,Visa,53634,36358,Active,2024-04-11,2029-04-10
800822,1123,Signature,Visa,766086,624901,Active,2024-03-30,2029-03-29
800823,1136,Platinum,Mastercard,483790,174467,Blocked,2024-09-28,2029-09-27
800824,1157,Platinum,Mastercard,455560,27649,Active,2024-01-19,2029-01-17
800825,1071,Classic,Visa,995327,767065,Blocked,2023-11-07,2028-11-05
800826,1103,Classic,Mastercard,713450,144795,Active,2023-11-29,2028-11-27
800827,1156,Platinum,Mastercard,390329,148015,Active,2026-05-08,2031-05-07
800828,1110,Classic,RuPay,375014,40763,Expired,2022-07-16,2027-07-15
800829,1005,Platinum,RuPay,870009,594589,Blocked,2023-12-18,2028-12-16
800830,1106,Classic,Mastercard,805889,63473,Blocked,2024-06-08,2029-06-07
800831,1061,Platinum,RuPay,490543,235336,Active,2025-12-26,2030-12-25
800832,1166,Platinum,Visa,453256,309281,Expired,2021-09-25,2026-09-24
800833,1142,Signature,Visa,59072,50628,Active,2025-12-25,2030-12-24
800834,1001,Classic,Mastercard,201790,70767,Blocked,2023-12-20,2028-12-18
800835,1056,Classic,Mastercard,783837,383962,Expired,2021-12-13,2026-12-12
800836,1091,Classic,Mastercard,510284,201182,Active,2025-08-30,2030-08-29
800837,1053,Gold,RuPay,554990,397026,Blocked,2022-03-08,2027-03-07
800838,1120,Gold,Mastercard,214467,202574,Active,2024-12-25,2029-12-24
800839,1126,Gold,Visa,315393,278388,Active,2022-08-10,2027-08-09
800840,1056,Gold,RuPay,613900,213956,Active,2025-04-20,2030-04-19
800841,1043,Signature,Mastercard,113011,23425,Blocked,2026-06-25,2031-06-24
800842,1173,Platinum,Visa,209961,56391,Active,2025-11-10,2030-11-09
800843,1059,Gold,Mastercard,326208,300069,Blocked,2025-06-21,2030-06-20
800844,1080,Platinum,Mastercard,507258,479424,Expired,2023-08-27,2028-08-25
800845,1094,Platinum,Visa,928991,747969,Active,2022-08-12,2027-08-11
800846,1102,Gold,Mastercard,940481,201378,Active,2024-01-26,2029-01-24
800847,1103,Platinum,Visa,408450,365854,Expired,2025-09-23,2030-09-22
800848,1124,Classic,Mastercard,988867,336240,Active,2025-12-23,2030-12-22
800849,1135,Classic,Mastercard,694402,580044,Expired,2024-08-01,2029-07-31
800850,1071,Classic,RuPay,778520,408409,Expired,2021-11-15,2026-11-14
800851,1048,Gold,RuPay,346073,37802,Active,2021-09-18,2026-09-17
800852,1047,Gold,Visa,669788,184809,Active,2026-07-09,2031-07-08
800853,1148,Signature,RuPay,231706,12330,Blocked,2022-08-11,2027-08-10
800854,1027,Classic,Mastercard,397905,112457,Expired,2025-04-16,2030-04-15
800855,1047,Platinum,Visa,668832,459416,Active,2025-04-09,2030-04-08
800856,1176,Gold,RuPay,298083,56949,Active,2024-05-09,2029-05-08
800857,1049,Gold,RuPay,171709,114044,Expired,2022-09-25,2027-09-24
800858,1004,Platinum,Mastercard,710291,472905,Blocked,2022-08-05,2027-08-04
800859,1178,Gold,RuPay,864330,361570,Expired,2023-11-29,2028-11-27
800860,1132,Classic,Visa,767250,328017,Blocked,2024-04-15,2029-04-14
800861,1018,Gold,RuPay,356774,49009,Active,2025-11-01,2030-10-31
800862,1061,Signature,Mastercard,836537,60954,Active,2023-08-20,2028-08-18
800863,1053,Gold,RuPay,485842,437880,Active,2024-02-25,2029-02-23
800864,1086,Signature,RuPay,212902,39236,Blocked,2026-02-03,2031-02-02
800865,1129,Signature,Mastercard,328955,278299,Expired,2022-08-31,2027-08-30
800866,1116,Signature,Visa,402311,156764,Active,2024-05-21,2029-05-20
800867,1180,Classic,Mastercard,945580,335492,Active,2021-10-10,2026-10-09
800868,1161,Gold,Mastercard,794429,362537,Expired,2024-10-10,2029-10-09
800869,1115,Classic,Mastercard,432411,119836,Active,2021-11-10,2026-11-09
800870,1010,Gold,RuPay,820287,314284,Expired,2022-08-05,2027-08-04
800871,1004,Gold,Mastercard,495994,144634,Active,2025-06-16,2030-06-15
800872,1081,Gold,RuPay,898995,277157,Active,2026-03-06,2031-03-05
800873,1175,Signature,Mastercard,444750,365216,Expired,2023-08-10,2028-08-08
800874,1051,Platinum,RuPay,465910,260609,Expired,2022-10-10,2027-10-09
800875,1034,Platinum,Mastercard,509000,449820,Active,2023-07-11,2028-07-09
800876,1177,Platinum,RuPay,967383,16594,Blocked,2021-09-03,2026-09-02
800877,1080,Platinum,RuPay,111763,69450,Blocked,2025-05-13,2030-05-12
800878,1013,Gold,Visa,660998,485042,Active,2026-04-22,2031-04-21
800879,1035,Classic,Mastercard,424998,284064,Active,2023-06-13,2028-06-11
800880,1180,Gold,Visa,833150,817594,Active,2023-06-22,2028-06-20
800881,1093,Gold,Mastercard,716072,556984,Active,2024-07-06,2029-07-05
800882,1023,Platinum,RuPay,597597,243842,Expired,2021-09-04,2026-09-03
800883,1141,Platinum,Visa,871110,91457,Blocked,2025-09-28,2030-09-27
800884,1174,Signature,Mastercard,239572,42414,Active,2022-07-22,2027-07-21
800885,1142,Signature,Visa,232221,138000,Active,2025-12-11,2030-12-10
800886,1032,Platinum,RuPay,852613,377717,Expired,2025-12-24,2030-12-23
800887,1039,Classic,Visa,707038,244819,Blocked,2026-03-28,2031-03-27
800888,1173,Platinum,Visa,675700,29713,Blocked,2025-06-03,2030-06-02
800889,1081,Platinum,Visa,827477,188852,Expired,2022-12-16,2027-12-15
800890,1043,Gold,RuPay,846462,468950,Blocked,2025-08-03,2030-08-02
800891,1074,Platinum,Visa,348297,277141,Expired,2025-12-26,2030-12-25
800892,1080,Platinum,RuPay,196533,6662,Blocked,2026-01-29,2031-01-28
800893,1119,Gold,Visa,549384,104178,Active,2023-04-30,2028-04-28
800894,1099,Classic,Mastercard,619105,58424,Expired,2021-10-14,2026-10-13
800895,1085,Gold,Mastercard,126019,3558,Blocked,2022-04-22,2027-04-21
800896,1147,Gold,Mastercard,845345,44473,Active,2025-08-14,2030-08-13
800897,1157,Classic,Visa,885392,168870,Blocked,2024-12-31,2029-12-30
800898,1156,Gold,Mastercard,337240,313390,Blocked,2025-06-12,2030-06-11
800899,1109,Signature,Mastercard,400636,207822,Expired,2025-05-12,2030-05-11
800900,1019,Platinum,Mastercard,662902,165906,Blocked,2023-03-23,2028-03-21
800901,1019,Signature,RuPay,186576,171107,Blocked,2024-09-09,2029-09-08
800902,1072,Signature,Visa,941582,501966,Expired,2023-07-03,2028-07-01
800903,1052,Gold,RuPay,347141,281717,Active,2023-06-13,2028-06-11
800904,1133,Gold,RuPay,943320,483504,Blocked,2022-04-13,2027-04-12
800905,1089,Signature,RuPay,469897,306267,Expired,2026-05-30,2031-05-29
800906,1015,Gold,RuPay,969589,314767,Active,2021-10-09,2026-10-08
800907,1096,Signature,Visa,906208,192558,Blocked,2022-10-29,2027-10-28
800908,1157,Classic,RuPay,95226,89769,Active,2022-12-25,2027-12-24
800909,1158,Platinum,RuPay,362271,32344,Active,2022-05-27,2027-05-26
800910,1056,Classic,Mastercard,562834,142338,Blocked,2023-02-06,2028-02-05
800911,1163,Gold,RuPay,273846,207372,Active,2021-12-31,2026-12-30
800912,1141,Signature,Mastercard,973957,746718,Blocked,2023-09-13,2028-09-11
800913,1074,Classic,Visa,939033,276765,Active,2022-03-05,2027-03-04
800914,1119,Signature,Visa,767810,666588,Expired,2025-05-11,2030-05-10
800915,1126,Classic,Visa,529705,39955,Active,2024-11-18,2029-11-17
800916,1117,Classic,RuPay,334639,264915,Blocked,2025-11-04,2030-11-03
800917,1093,Classic,Mastercard,86148,10470,Active,2022-08-12,2027-08-11
800918,1114,Signature,Visa,629467,468185,Blocked,2024-08-02,2029-08-01
800919,1089,Platinum,Visa,165333,118468,Expired,2022-03-11,2027-03-10
800920,1020,Signature,Visa,134973,108642,Expired,2026-06-10,2031-06-09
800921,1110,Signature,Visa,966903,253915,Expired,2024-07-27,2029-07-26
800922,1100,Signature,RuPay,612230,131108,Expired,2024-02-18,2029-02-16
800923,1026,Classic,Visa,880106,613665,Blocked,2025-07-14,2030-07-13
800924,1048,Platinum,Mastercard,183448,36868,Blocked,2026-02-27,2031-02-26
800925,1006,Classic,Visa,850409,331819,Expired,2021-12-13,2026-12-12
800926,1107,Platinum,RuPay,498458,226668,Expired,2025-12-31,2030-12-30
800927,1068,Classic,Visa,139826,17542,Active,2022-10-15,2027-10-14
800928,1021,Gold,Mastercard,659858,44337,Blocked,2024-06-25,2029-06-24
800929,1123,Gold,RuPay,965167,183677,Expired,2022-10-25,2027-10-24
800930,1015,Classic,Visa,128189,70021,Expired,2022-08-13,2027-08-12
800931,1137,Platinum,RuPay,423388,237186,Blocked,2023-02-28,2028-02-27
800932,1098,Signature,Mastercard,797573,340604,Blocked,2024-09-20,2029-09-19
800933,1180,Classic,Visa,361943,55418,Active,2022-12-01,2027-11-30
800934,1167,Classic,RuPay,657513,502251,Active,2024-03-22,2029-03-21
800935,1008,Platinum,Visa,555861,179629,Blocked,2024-09-20,2029-09-19
800936,1093,Signature,RuPay,562442,316533,Active,2025-09-17,2030-09-16
800937,1138,Platinum,Mastercard,633498,81786,Expired,2025-09-15,2030-09-14
800938,1057,Platinum,Visa,57234,34416,Expired,2023-10-12,2028-10-10
800939,1071,Classic,Mastercard,549476,237569,Active,2023-09-10,2028-09-08
800940,1085,Platinum,RuPay,368735,344239,Blocked,2021-11-18,2026-11-17
800941,1082,Classic,Mastercard,282394,132481,Expired,2023-03-20,2028-03-18
800942,1063,Signature,Visa,905786,597639,Active,2024-08-02,2029-08-01
800943,1020,Classic,Mastercard,221036,58857,Expired,2025-07-14,2030-07-13
800944,1082,Classic,Visa,226705,158093,Expired,2022-06-18,2027-06-17
800945,1094,Platinum,Visa,634584,212128,Active,2025-01-23,2030-01-22
800946,1058,Gold,RuPay,342787,328051,Expired,2023-03-17,2028-03-15
800947,1097,Signature,Visa,867860,734649,Blocked,2024-02-08,2029-02-06
800948,1040,Platinum,Visa,866738,141494,Active,2021-11-07,2026-11-06
800949,1130,Classic,Visa,555543,380014,Active,2025-10-13,2030-10-12
800950,1021,Classic,Visa,450805,315860,Blocked,2025-07-04,2030-07-03
800951,1143,Gold,RuPay,717052,420748,Expired,2024-01-27,2029-01-25
800952,1034,Classic,Visa,349874,12740,Active,2023-03-21,2028-03-19
800953,1119,Signature,Visa,189467,42645,Active,2021-10-23,2026-10-22
800954,1173,Platinum,Visa,979496,46723,Active,2023-11-04,2028-11-02
800955,1178,Signature,RuPay,543084,196001,Blocked,2023-08-14,2028-08-12
800956,1049,Gold,Mastercard,986519,811218,Expired,2026-03-20,2031-03-19
800957,1011,Platinum,Mastercard,297079,91408,Active,2026-07-23,2031-07-22
800958,1161,Classic,RuPay,577640,568771,Expired,2023-11-04,2028-11-02
800959,1056,Classic,RuPay,786163,682887,Blocked,2025-12-29,2030-12-28
800960,1118,Signature,RuPay,708710,191546,Active,2025-03-09,2030-03-08
800961,1061,Classic,RuPay,406533,101016,Expired,2023-03-21,2028-03-19
800962,1116,Signature,RuPay,653029,96167,Blocked,2026-06-26,2031-06-25
800963,1169,Gold,Mastercard,274640,254194,Expired,2024-03-28,2029-03-27
800964,1179,Platinum,Mastercard,471552,167611,Active,2021-10-28,2026-10-27
800965,1015,Signature,RuPay,644703,302002,Expired,2022-12-04,2027-12-03
800966,1069,Signature,Visa,800261,766961,Active,2023-10-02,2028-09-30
800967,1088,Gold,Mastercard,361093,19233,Blocked,2022-08-18,2027-08-17
800968,1065,Signature,Mastercard,529957,216866,Expired,2025-02-12,2030-02-11
800969,1132,Signature,Visa,306135,12703,Expired,2025-03-24,2030-03-23
800970,1177,Signature,RuPay,586065,104770,Blocked,2023-01-01,2027-12-31
800971,1035,Classic,Visa,492493,198759,Active,2024-01-10,2029-01-08
800972,1094,Signature,Visa,427842,42103,Expired,2025-01-26,2030-01-25
800973,1157,Classic,Mastercard,996350,664466,Blocked,2022-05-28,2027-05-27
800974,1122,Signature,Mastercard,357402,34211,Expired,2022-11-24,2027-11-23
800975,1134,Platinum,Visa,152902,44413,Active,2021-09-01,2026-08-31
800976,1015,Platinum,Visa,767895,429720,Active,2023-02-09,2028-02-08
800977,1149,Platinum,Visa,263026,77181,Blocked,2022-05-15,2027-05-14
800978,1106,Gold,Visa,673790,452648,Expired,2025-12-23,2030-12-22
800979,1113,Signature,Mastercard,887775,469425,Expired,2025-09-24,2030-09-23
800980,1059,Classic,Visa,891727,493707,Blocked,2023-08-17,2028-08-15
800981,1085,Signature,Visa,774774,437382,Blocked,2023-08-25,2028-08-23
800982,1145,Signature,Mastercard,852980,733195,Active,2025-07-24,2030-07-23
800983,1006,Gold,RuPay,550803,275922,Active,2022-08-25,2027-08-24
800984,1079,Signature,Mastercard,82842,48372,Expired,2023-10-19,2028-10-17
800985,1128,Classic,Visa,666378,301138,Active,2023-09-22,2028-09-20
800986,1062,Gold,RuPay,865154,15593,Blocked,2023-03-14,2028-03-12
800987,1037,Platinum,RuPay,257737,235445,Expired,2021-11-08,2026-11-07
800988,1068,Signature,Mastercard,466474,99866,Expired,2021-12-28,2026-12-27
800989,1147,Gold,Mastercard,623775,504532,Active,2026-01-23,2031-01-22
800990,1121,Platinum,RuPay,507003,181868,Blocked,2022-12-13,2027-12-12
800991,1174,Platinum,RuPay,800207,346127,Expired,2026-05-14,2031-05-13
800992,1133,Platinum,Mastercard,118498,105521,Active,2022-12-04,2027-12-03
800993,1079,Platinum,RuPay,182102,150340,Blocked,2022-09-15,2027-09-14
800994,1011,Classic,Visa,554134,262237,Active,2022-11-28,2027-11-27
800995,1136,Classic,Visa,601338,443848,Blocked,2021-08-26,2026-08-25
800996,1049,Platinum,Mastercard,822828,620388,Blocked,2022-11-01,2027-10-31
800997,1060,Signature,RuPay,61982,33059,Blocked,2023-06-10,2028-06-08
800998,1020,Gold,RuPay,71110,11093,Active,2021-10-24,2026-10-23
800999,1112,Signature,RuPay,752998,683084,Expired,2021-11-03,2026-11-02
801000,1092,Signature,RuPay,543298,75051,Active,2022-12-20,2027-12-19
