Employee_ID,First_Name,Last_Name,Gender,Designation,Salary,Branch_ID
2001,Matthew,Tank,Male,Customer Support Executive,521926,103
2002,Jack,Thakur,Female,Branch Manager,378447,102
2003,Sai,Bhargava,Male,Branch Manager,558338,105
2004,Saanvi,Narayan,Male,Relationship Manager,719505,103
2005,Nathaniel,Basak,Female,Branch Manager,620917,104
2006,Hitesh,Natt,Female,Credit Analyst,1130091,104
2007,Gunbir,Raja,Female,Cashier,1187260,101
2008,Ryan,Dutt,Male,Branch Manager,363517,104
2009,Gaurav,Kar,Male,Loan Officer,879432,105
2010,Qasim,Pall,Female,Branch Manager,794667,103
2011,Rudra,Viswanathan,Male,Operations Executive,733812,102
2012,Pranav,Wadhwa,Female,Cashier,1032613,104
2013,Janaki,Shetty,Male,Loan Officer,1138565,102
2014,Watika,Kakar,Female,Credit Analyst,702151,104
2015,Yachana,Deep,Male,Loan Officer,817636,101
2016,Chandani,Hayer,Male,Cashier,501635,103
2017,Darika,Kulkarni,Female,Cashier,619388,101
2018,Ekantika,Sahni,Male,Customer Support Executive,588833,104
2019,Turvi,Tank,Female,Customer Support Executive,837891,103
2020,Radhika,Vohra,Male,Cashier,305716,101
2021,Ishwar,Balakrishnan,Male,Loan Officer,345693,104
2022,Sudiksha,Morar,Male,Operations Executive,954100,104
2023,Ijaya,Kapadia,Female,Relationship Manager,633822,104
2024,Vasudha,Basu,Male,Branch Manager,779208,105
2025,Vivaan,Chandran,Female,Loan Officer,471632,104
2026,Rayaan,Bal,Male,Relationship Manager,1041449,104
2027,Hamsini,Roy,Male,Customer Support Executive,938313,101
2028,Fitan,Balakrishnan,Male,Credit Analyst,997142,102
2029,Anamika,Nigam,Male,Relationship Manager,852664,103
2030,Dakshesh,Sunder,Female,Relationship Manager,334740,105
2031,Nathaniel,Dora,Female,Branch Manager,1187862,102
2032,Udyati,Randhawa,Male,Credit Analyst,702837,102
2033,Naksh,Nazareth,Female,Cashier,345476,102
2034,Baljiwan,Bir,Female,Credit Analyst,974993,102
2035,Nakul,Chandran,Female,Branch Manager,859050,103
2036,Aditya,Kuruvilla,Male,Operations Executive,995724,103
2037,Sarthak,Ramachandran,Female,Operations Executive,540902,103
2038,Alexander,Ravi,Female,Cashier,698398,104
2039,Aarini,Dhar,Female,Cashier,1096302,103
2040,Balvan,Walia,Male,Loan Officer,1130237,105
2041,Shravya,Suresh,Female,Relationship Manager,600294,105
2042,Eshana,Arya,Male,Operations Executive,618156,101
2043,Zinal,Sethi,Female,Branch Manager,741476,105
2044,Patrick,Bassi,Female,Cashier,320314,105
2045,Benjamin,Kala,Male,Branch Manager,451627,104
2046,Yauvani,Bahri,Male,Operations Executive,650841,103
2047,Onkar,Sandhu,Male,Loan Officer,632534,104
2048,Daksh,Bora,Female,Customer Support Executive,816492,104
2049,Patrick,Ramaswamy,Female,Loan Officer,654043,101
2050,Indira,Narula,Male,Customer Support Executive,614431,104
