Loan_ID,Customer_ID,Loan_Type,Loan_Amount,Interest_Rate,Loan_Term_Months,Loan_Status,EMI,Start_Date,End_Date
700001,1138,Home Loan,847017,11.35,36,Closed,23528.25,2022-07-23,2025-07-07
700002,1173,Home Loan,3470860,10.1,12,Default,289238.33,2026-07-26,2027-07-21
700003,1052,Personal Loan,726107,11.32,36,Closed,20169.64,2023-06-12,2026-05-27
700004,1047,Business Loan,1757795,12.1,60,Default,29296.58,2025-04-29,2030-04-03
700005,1172,Personal Loan,3639428,11.72,24,Closed,151642.83,2024-09-19,2026-09-09
700006,1125,Personal Loan,903582,9.87,36,Default,25099.5,2025-02-01,2028-01-17
700007,1136,Home Loan,4577831,12.93,240,Default,19074.3,2023-12-30,2043-09-16
700008,1001,Business Loan,1681423,12.28,24,Closed,70059.29,2023-11-07,2025-10-27
700009,1025,Personal Loan,4422169,14.54,24,Default,184257.04,2025-04-17,2027-04-07
700010,1160,Business Loan,4222738,10.29,24,Default,175947.42,2022-03-07,2024-02-25
700011,1008,Home Loan,813575,13.54,36,Active,22599.31,2026-02-06,2029-01-21
700012,1164,Business Loan,4543647,8.55,24,Default,189318.62,2026-03-07,2028-02-25
700013,1020,Personal Loan,1265975,10.37,60,Closed,21099.58,2024-05-03,2029-04-07
700014,1102,Business Loan,914367,8.47,36,Default,25399.08,2023-02-12,2026-01-27
700015,1156,Education Loan,1100211,7.77,36,Default,30561.42,2023-10-07,2026-09-21
700016,1093,Education Loan,4175603,13.0,24,Closed,173983.46,2024-10-15,2026-10-05
700017,1083,Home Loan,2066394,14.78,120,Default,17219.95,2024-05-14,2034-03-23
700018,1053,Car Loan,3419592,12.23,240,Default,14248.3,2022-01-03,2041-09-20
700019,1138,Business Loan,3075054,12.39,12,Closed,256254.5,2024-08-04,2025-07-30
700020,1055,Home Loan,3652052,11.08,60,Default,60867.53,2023-05-30,2028-05-03
700021,1088,Business Loan,567556,8.08,120,Default,4729.63,2024-04-11,2034-02-18
700022,1057,Home Loan,130858,7.95,240,Active,545.24,2021-12-14,2041-08-31
700023,1160,Car Loan,3005246,9.69,36,Closed,83479.06,2024-09-06,2027-08-22
700024,1179,Business Loan,3306342,12.86,240,Default,13776.42,2021-12-08,2041-08-25
700025,1060,Car Loan,2034412,10.13,240,Closed,8476.72,2026-01-13,2045-09-30
700026,1117,Business Loan,560280,12.85,24,Active,23345.0,2022-01-25,2024-01-15
700027,1124,Personal Loan,2634573,8.29,60,Active,43909.55,2025-11-02,2030-10-07
700028,1160,Education Loan,1979978,13.06,12,Active,164998.17,2023-01-12,2024-01-07
700029,1001,Business Loan,4152834,14.45,24,Closed,173034.75,2025-07-23,2027-07-13
700030,1006,Home Loan,1494393,12.77,24,Active,62266.38,2024-10-01,2026-09-21
700031,1099,Business Loan,1748287,9.66,240,Closed,7284.53,2023-12-28,2043-09-14
700032,1166,Car Loan,4793747,12.71,12,Active,399478.92,2024-07-15,2025-07-10
700033,1127,Business Loan,4504797,8.33,60,Closed,75079.95,2025-04-07,2030-03-12
700034,1118,Home Loan,4606760,7.81,36,Active,127965.56,2025-07-14,2028-06-28
700035,1091,Business Loan,4254920,9.17,24,Default,177288.33,2024-12-24,2026-12-14
700036,1001,Personal Loan,4428112,12.01,60,Default,73801.87,2023-07-01,2028-06-04
700037,1056,Personal Loan,4224075,7.85,12,Closed,352006.25,2023-07-26,2024-07-20
700038,1091,Education Loan,1148586,12.23,240,Active,4785.77,2025-05-25,2045-02-09
700039,1028,Personal Loan,4294237,7.84,120,Active,35785.31,2023-12-28,2033-11-05
700040,1108,Education Loan,4431706,9.98,120,Default,36930.88,2022-05-28,2032-04-05
700041,1130,Education Loan,1539765,11.49,24,Default,64156.88,2023-11-07,2025-10-27
700042,1102,Home Loan,875644,11.93,240,Active,3648.52,2025-01-06,2044-09-23
700043,1141,Car Loan,778964,14.71,24,Active,32456.83,2022-06-10,2024-05-30
700044,1059,Personal Loan,2303005,13.13,12,Active,191917.08,2025-11-02,2026-10-28
700045,1016,Education Loan,1505693,12.26,24,Default,62737.21,2021-12-23,2023-12-13
700046,1105,Education Loan,1311459,7.73,36,Closed,36429.42,2024-12-10,2027-11-25
700047,1084,Business Loan,2411557,13.84,120,Closed,20096.31,2024-08-22,2034-07-01
700048,1058,Home Loan,695562,11.58,60,Active,11592.7,2022-02-03,2027-01-08
700049,1160,Personal Loan,2131341,12.7,12,Active,177611.75,2026-01-31,2027-01-26
700050,1053,Car Loan,191791,12.49,24,Default,7991.29,2023-02-10,2025-01-30
700051,1139,Personal Loan,2054982,9.46,36,Closed,57082.83,2025-08-04,2028-07-19
700052,1092,Home Loan,4765072,14.08,24,Default,198544.67,2024-04-02,2026-03-23
700053,1072,Car Loan,3876269,11.04,240,Default,16151.12,2025-05-02,2045-01-17
700054,1105,Personal Loan,3680794,10.38,60,Default,61346.57,2024-07-27,2029-07-01
700055,1018,Home Loan,3437072,10.17,120,Default,28642.27,2021-11-25,2031-10-04
700056,1143,Car Loan,1112997,13.42,36,Default,30916.58,2025-04-27,2028-04-11
700057,1069,Home Loan,681934,8.21,240,Closed,2841.39,2023-06-08,2043-02-23
700058,1126,Education Loan,3921092,13.79,12,Active,326757.67,2023-10-02,2024-09-26
700059,1114,Car Loan,1960700,9.1,120,Closed,16339.17,2024-07-12,2034-05-21
700060,1037,Personal Loan,2692693,12.38,12,Active,224391.08,2021-08-06,2022-08-01
700061,1068,Personal Loan,4187682,7.7,240,Active,17448.67,2026-02-21,2045-11-08
700062,1054,Personal Loan,1837166,12.47,60,Closed,30619.43,2026-03-06,2031-02-08
700063,1160,Education Loan,2659176,8.46,240,Default,11079.9,2024-07-22,2044-04-08
700064,1010,Business Loan,1543547,8.16,36,Closed,42876.31,2023-06-27,2026-06-11
700065,1125,Personal Loan,556049,11.22,60,Default,9267.48,2025-09-08,2030-08-13
700066,1074,Home Loan,3869812,9.82,24,Closed,161242.17,2023-07-28,2025-07-17
700067,1063,Personal Loan,4347851,7.53,36,Closed,120773.64,2021-08-29,2024-08-13
700068,1175,Education Loan,1744149,10.53,120,Default,14534.58,2024-06-21,2034-04-30
700069,1011,Car Loan,4348477,11.19,36,Default,120791.03,2024-12-25,2027-12-10
700070,1087,Home Loan,3720233,9.7,24,Active,155009.71,2023-12-07,2025-11-26
700071,1152,Home Loan,1437279,13.16,36,Default,39924.42,2023-05-11,2026-04-25
700072,1023,Education Loan,873040,13.96,60,Default,14550.67,2023-02-24,2028-01-29
700073,1096,Education Loan,2347432,11.46,36,Default,65206.44,2022-05-17,2025-05-01
700074,1159,Home Loan,531911,11.61,240,Active,2216.3,2026-03-21,2045-12-06
700075,1097,Home Loan,1309271,14.56,60,Active,21821.18,2023-07-01,2028-06-04
700076,1002,Car Loan,786373,11.18,120,Closed,6553.11,2023-07-18,2033-05-26
700077,1126,Home Loan,368329,11.37,36,Active,10231.36,2021-08-07,2024-07-22
700078,1062,Home Loan,4956378,14.08,12,Active,413031.5,2024-02-09,2025-02-03
700079,1125,Business Loan,1874313,12.99,240,Default,7809.64,2023-03-27,2042-12-12
700080,1125,Car Loan,2073258,7.8,240,Closed,8638.58,2023-06-21,2043-03-08
700081,1149,Home Loan,575337,7.82,24,Active,23972.38,2022-05-30,2024-05-19
700082,1025,Business Loan,1839510,11.18,12,Active,153292.5,2022-12-22,2023-12-17
700083,1144,Education Loan,2315754,7.92,24,Active,96489.75,2024-01-20,2026-01-09
700084,1165,Education Loan,1216281,13.23,12,Default,101356.75,2022-12-16,2023-12-11
700085,1155,Home Loan,1202645,8.32,12,Default,100220.42,2025-11-12,2026-11-07
700086,1168,Home Loan,620412,10.98,120,Active,5170.1,2025-08-10,2035-06-19
700087,1175,Car Loan,2575132,10.53,60,Closed,42918.87,2023-01-30,2028-01-04
700088,1100,Car Loan,3769666,7.89,240,Closed,15706.94,2025-03-01,2044-11-16
700089,1150,Education Loan,3421016,10.48,24,Default,142542.33,2025-06-01,2027-05-22
700090,1069,Personal Loan,3084637,10.45,12,Active,257053.08,2025-06-05,2026-05-31
700091,1120,Home Loan,408894,8.31,240,Default,1703.72,2026-05-22,2046-02-06
700092,1138,Personal Loan,4838440,11.34,24,Active,201601.67,2024-09-07,2026-08-28
700093,1176,Personal Loan,839558,12.48,240,Active,3498.16,2025-04-07,2044-12-23
700094,1118,Education Loan,2204231,14.32,12,Default,183685.92,2025-02-05,2026-01-31
700095,1100,Home Loan,1852121,9.01,120,Default,15434.34,2026-05-29,2036-04-06
700096,1099,Personal Loan,1294847,10.16,60,Active,21580.78,2025-08-14,2030-07-19
700097,1174,Business Loan,4769176,11.57,60,Active,79486.27,2026-03-01,2031-02-03
700098,1098,Business Loan,4435671,12.56,24,Active,184819.62,2025-01-11,2027-01-01
700099,1093,Education Loan,3392085,9.38,12,Active,282673.75,2021-12-05,2022-11-30
700100,1110,Education Loan,2680844,14.68,240,Closed,11170.18,2025-12-22,2045-09-08
700101,1068,Home Loan,4819489,8.62,240,Default,20081.2,2025-04-24,2045-01-09
700102,1010,Car Loan,4335816,13.78,12,Default,361318.0,2026-02-22,2027-02-17
700103,1125,Business Loan,3488929,10.04,36,Default,96914.69,2023-02-08,2026-01-23
700104,1150,Home Loan,2915100,10.14,24,Default,121462.5,2022-03-15,2024-03-04
700105,1161,Business Loan,217641,13.07,120,Closed,1813.67,2022-12-31,2032-11-08
700106,1014,Home Loan,432330,13.01,24,Default,18013.75,2024-08-17,2026-08-07
700107,1143,Education Loan,679020,9.36,240,Closed,2829.25,2023-06-17,2043-03-04
700108,1010,Home Loan,980964,13.87,120,Default,8174.7,2024-11-09,2034-09-18
700109,1175,Education Loan,3569634,8.71,240,Default,14873.48,2024-06-26,2044-03-13
700110,1136,Personal Loan,3994676,11.25,24,Default,166444.83,2024-03-05,2026-02-23
700111,1032,Car Loan,1522020,14.11,120,Active,12683.5,2026-06-28,2036-05-06
700112,1141,Education Loan,4353445,14.03,240,Closed,18139.35,2022-03-31,2041-12-16
700113,1015,Car Loan,2020461,14.79,12,Active,168371.75,2025-11-11,2026-11-06
700114,1179,Business Loan,1920545,11.36,24,Closed,80022.71,2022-04-28,2024-04-17
700115,1032,Education Loan,2117387,8.85,36,Default,58816.31,2023-06-27,2026-06-11
700116,1153,Business Loan,167653,8.45,12,Active,13971.08,2022-04-05,2023-03-31
700117,1048,Home Loan,4828248,12.59,240,Active,20117.7,2025-08-29,2045-05-16
700118,1158,Business Loan,4292203,7.81,120,Closed,35768.36,2025-01-23,2034-12-02
700119,1073,Home Loan,1261391,10.55,36,Default,35038.64,2021-09-19,2024-09-03
700120,1127,Car Loan,3754479,10.4,24,Closed,156436.62,2026-06-03,2028-05-23
700121,1094,Home Loan,1181626,9.02,12,Default,98468.83,2026-01-12,2027-01-07
700122,1089,Business Loan,1094545,7.94,120,Default,9121.21,2024-01-11,2033-11-19
700123,1049,Personal Loan,2975830,9.44,12,Default,247985.83,2023-09-23,2024-09-17
700124,1066,Education Loan,472791,8.78,240,Active,1969.96,2026-01-02,2045-09-19
700125,1117,Education Loan,4164015,14.43,36,Default,115667.08,2024-07-03,2027-06-18
700126,1027,Personal Loan,4050548,13.8,120,Closed,33754.57,2021-08-08,2031-06-17
700127,1083,Car Loan,3536127,11.41,240,Default,14733.86,2024-09-27,2044-06-14
700128,1171,Car Loan,80278,11.05,120,Active,668.98,2022-12-28,2032-11-05
700129,1079,Car Loan,2097217,13.5,120,Active,17476.81,2022-04-27,2032-03-05
700130,1130,Home Loan,4759657,8.68,12,Default,396638.08,2026-04-03,2027-03-29
700131,1159,Personal Loan,1918861,13.46,120,Active,15990.51,2021-10-23,2031-09-01
700132,1161,Car Loan,1308213,11.66,240,Active,5450.89,2024-07-01,2044-03-18
700133,1046,Car Loan,2979378,12.44,24,Closed,124140.75,2022-07-13,2024-07-02
700134,1121,Personal Loan,4713618,10.59,60,Default,78560.3,2026-07-07,2031-06-11
700135,1136,Business Loan,1779661,11.93,120,Closed,14830.51,2023-09-02,2033-07-11
700136,1028,Home Loan,2474830,9.05,12,Active,206235.83,2024-03-19,2025-03-14
700137,1083,Personal Loan,1164902,12.91,240,Closed,4853.76,2024-07-06,2044-03-23
700138,1018,Personal Loan,2099832,12.29,60,Active,34997.2,2025-05-17,2030-04-21
700139,1098,Personal Loan,3013275,12.57,60,Default,50221.25,2026-07-16,2031-06-20
700140,1020,Business Loan,3738096,13.01,12,Active,311508.0,2022-10-29,2023-10-24
700141,1121,Education Loan,2285008,14.51,36,Closed,63472.44,2023-10-09,2026-09-23
700142,1128,Home Loan,1304495,10.6,120,Default,10870.79,2024-10-03,2034-08-12
700143,1040,Car Loan,3125052,7.8,12,Closed,260421.0,2023-02-16,2024-02-11
700144,1011,Business Loan,4818415,9.98,12,Closed,401534.58,2026-05-30,2027-05-25
700145,1144,Car Loan,4920666,14.25,240,Closed,20502.78,2023-11-03,2043-07-21
700146,1035,Business Loan,3110750,14.52,24,Active,129614.58,2022-01-06,2023-12-27
700147,1022,Car Loan,1285649,12.42,12,Active,107137.42,2023-03-24,2024-03-18
700148,1161,Education Loan,4403751,11.6,120,Closed,36697.93,2024-08-27,2034-07-06
700149,1172,Education Loan,1659759,7.93,24,Default,69156.62,2025-09-01,2027-08-22
700150,1176,Car Loan,1407706,13.73,120,Active,11730.88,2025-04-15,2035-02-22
700151,1077,Home Loan,1529451,13.03,120,Default,12745.42,2022-03-27,2032-02-03
700152,1173,Car Loan,2516517,14.96,240,Default,10485.49,2024-01-13,2043-09-30
700153,1145,Education Loan,3989526,13.83,120,Closed,33246.05,2022-06-23,2032-05-01
700154,1102,Car Loan,612101,14.89,60,Default,10201.68,2024-10-12,2029-09-16
700155,1127,Business Loan,2859301,12.57,36,Active,79425.03,2024-11-05,2027-10-21
700156,1026,Personal Loan,2402947,14.55,240,Closed,10012.28,2021-10-25,2041-07-12
700157,1054,Personal Loan,271609,13.89,24,Closed,11317.04,2022-12-03,2024-11-22
700158,1105,Personal Loan,4658987,7.56,36,Active,129416.31,2021-11-22,2024-11-06
700159,1145,Business Loan,51898,13.93,12,Default,4324.83,2024-08-21,2025-08-16
700160,1085,Business Loan,419510,11.42,36,Default,11653.06,2025-09-14,2028-08-29
700161,1179,Car Loan,2028906,8.5,12,Default,169075.5,2022-10-12,2023-10-07
700162,1151,Home Loan,1067415,9.76,120,Closed,8895.12,2021-08-21,2031-06-30
700163,1019,Car Loan,4175061,8.36,60,Active,69584.35,2025-04-02,2030-03-07
700164,1164,Home Loan,897441,10.98,36,Default,24928.92,2023-05-23,2026-05-07
700165,1016,Car Loan,4118803,7.94,120,Active,34323.36,2024-02-23,2034-01-01
700166,1118,Car Loan,3859223,9.11,24,Active,160800.96,2024-07-11,2026-07-01
700167,1011,Personal Loan,4644746,7.98,60,Default,77412.43,2026-08-01,2031-07-06
700168,1089,Home Loan,2353562,7.62,24,Closed,98065.08,2025-04-06,2027-03-27
700169,1085,Business Loan,4813501,8.67,12,Default,401125.08,2024-10-27,2025-10-22
700170,1175,Education Loan,4896647,8.86,60,Default,81610.78,2023-07-26,2028-06-29
700171,1123,Business Loan,2973206,14.3,24,Active,123883.58,2023-01-13,2025-01-02
700172,1061,Education Loan,4610301,7.6,36,Closed,128063.92,2025-08-25,2028-08-09
700173,1051,Car Loan,4291653,10.98,240,Active,17881.89,2022-04-29,2042-01-14
700174,1070,Personal Loan,2928279,9.0,60,Closed,48804.65,2023-05-31,2028-05-04
700175,1102,Personal Loan,3786457,8.16,240,Default,15776.9,2026-01-12,2045-09-29
700176,1076,Home Loan,4599884,12.55,60,Default,76664.73,2025-02-23,2030-01-28
700177,1057,Education Loan,960991,10.85,120,Closed,8008.26,2024-06-06,2034-04-15
700178,1150,Personal Loan,3442513,8.19,240,Default,14343.8,2023-12-06,2043-08-23
700179,1103,Business Loan,450950,12.69,60,Default,7515.83,2024-03-01,2029-02-03
700180,1027,Education Loan,4279786,14.55,36,Active,118882.94,2022-04-30,2025-04-14
700181,1063,Business Loan,2176964,10.09,120,Active,18141.37,2023-03-30,2033-02-05
700182,1085,Personal Loan,1661205,8.23,36,Closed,46144.58,2022-05-14,2025-04-28
700183,1069,Business Loan,2038292,13.14,36,Default,56619.22,2023-11-06,2026-10-21
700184,1107,Business Loan,63611,8.57,120,Closed,530.09,2023-06-08,2033-04-16
700185,1011,Education Loan,1855558,10.28,12,Closed,154629.83,2023-12-30,2024-12-24
700186,1031,Home Loan,3478477,10.32,24,Closed,144936.54,2021-10-28,2023-10-18
700187,1035,Personal Loan,4781750,9.85,12,Active,398479.17,2023-01-12,2024-01-07
700188,1157,Car Loan,718471,12.63,120,Closed,5987.26,2023-12-31,2033-11-08
700189,1111,Education Loan,3729764,9.07,12,Active,310813.67,2024-06-04,2025-05-30
700190,1062,Home Loan,2773001,14.25,240,Default,11554.17,2025-07-13,2045-03-30
700191,1093,Car Loan,161747,8.45,12,Active,13478.92,2024-03-04,2025-02-27
700192,1027,Car Loan,3460532,14.01,24,Closed,144188.83,2024-08-03,2026-07-24
700193,1114,Personal Loan,2578142,13.6,240,Active,10742.26,2021-11-23,2041-08-10
700194,1088,Personal Loan,2327568,11.81,240,Default,9698.2,2024-07-13,2044-03-30
700195,1053,Home Loan,237595,10.6,36,Default,6599.86,2026-06-08,2029-05-23
700196,1133,Business Loan,4328107,14.81,240,Active,18033.78,2025-05-10,2045-01-25
700197,1146,Business Loan,353721,13.32,12,Closed,29476.75,2022-06-08,2023-06-03
700198,1145,Car Loan,2471147,11.0,120,Closed,20592.89,2023-12-14,2033-10-22
700199,1033,Business Loan,977757,8.97,60,Closed,16295.95,2021-11-17,2026-10-22
700200,1171,Home Loan,4978727,12.36,12,Active,414893.92,2025-10-25,2026-10-20
700201,1051,Car Loan,1020344,8.14,24,Default,42514.33,2023-06-30,2025-06-19
700202,1027,Personal Loan,825477,7.56,36,Active,22929.92,2026-06-24,2029-06-08
700203,1146,Personal Loan,2544005,12.67,24,Default,106000.21,2023-05-22,2025-05-11
700204,1146,Home Loan,3838770,9.53,12,Closed,319897.5,2023-10-05,2024-09-29
700205,1164,Education Loan,2324656,9.38,24,Closed,96860.67,2025-10-06,2027-09-26
700206,1019,Home Loan,4898029,9.78,60,Closed,81633.82,2025-01-23,2029-12-28
700207,1090,Business Loan,74685,14.06,12,Active,6223.75,2025-07-05,2026-06-30
700208,1123,Education Loan,3804185,11.42,60,Active,63403.08,2025-06-29,2030-06-03
700209,1150,Home Loan,3835963,8.09,240,Default,15983.18,2022-08-18,2042-05-05
700210,1041,Car Loan,3797729,9.85,24,Active,158238.71,2021-11-23,2023-11-13
700211,1131,Personal Loan,3098807,8.6,12,Closed,258233.92,2024-06-26,2025-06-21
700212,1125,Car Loan,2156341,8.41,60,Default,35939.02,2024-07-08,2029-06-12
700213,1022,Business Loan,2483901,11.66,24,Active,103495.88,2024-11-29,2026-11-19
700214,1159,Education Loan,2810708,12.41,120,Default,23422.57,2024-06-14,2034-04-23
700215,1171,Education Loan,4590253,8.73,12,Default,382521.08,2026-04-07,2027-04-02
700216,1059,Personal Loan,78019,9.63,12,Default,6501.58,2024-02-04,2025-01-29
700217,1131,Business Loan,670032,13.59,12,Active,55836.0,2023-04-10,2024-04-04
700218,1070,Education Loan,708389,8.37,12,Active,59032.42,2023-11-20,2024-11-14
700219,1062,Personal Loan,4780711,10.74,24,Active,199196.29,2024-12-16,2026-12-06
700220,1129,Car Loan,3578071,7.82,120,Active,29817.26,2022-08-01,2032-06-09
700221,1044,Education Loan,3603119,9.23,36,Default,100086.64,2021-11-28,2024-11-12
700222,1010,Personal Loan,221001,11.99,24,Default,9208.38,2024-12-10,2026-11-30
700223,1096,Personal Loan,1556433,11.22,36,Closed,43234.25,2026-06-30,2029-06-14
700224,1117,Car Loan,3187111,8.85,36,Closed,88530.86,2023-05-04,2026-04-18
700225,1137,Education Loan,3564758,10.87,60,Active,59412.63,2022-04-15,2027-03-20
700226,1106,Home Loan,3422850,10.46,120,Default,28523.75,2023-07-02,2033-05-10
700227,1006,Education Loan,3001635,13.34,240,Active,12506.81,2023-09-29,2043-06-16
700228,1095,Education Loan,3208252,12.07,24,Active,133677.17,2026-01-27,2028-01-17
700229,1176,Car Loan,411109,14.14,24,Closed,17129.54,2025-04-03,2027-03-24
700230,1163,Business Loan,3298353,10.67,24,Closed,137431.38,2024-12-18,2026-12-08
700231,1021,Car Loan,3822706,11.53,36,Active,106186.28,2022-05-27,2025-05-11
700232,1172,Car Loan,3996604,13.4,240,Closed,16652.52,2024-08-24,2044-05-11
700233,1040,Personal Loan,1186774,14.94,120,Closed,9889.78,2024-10-08,2034-08-17
700234,1111,Education Loan,3177935,8.16,60,Closed,52965.58,2024-11-29,2029-11-03
700235,1028,Education Loan,2870727,12.02,24,Closed,119613.62,2023-08-29,2025-08-18
700236,1077,Home Loan,2966151,8.11,120,Closed,24717.92,2026-05-20,2036-03-28
700237,1093,Home Loan,1390989,8.89,60,Closed,23183.15,2025-01-23,2029-12-28
700238,1102,Education Loan,3054302,14.0,240,Default,12726.26,2026-06-05,2046-02-20
700239,1069,Home Loan,4509173,13.33,60,Closed,75152.88,2023-09-08,2028-08-12
700240,1110,Personal Loan,3078531,10.87,12,Active,256544.25,2026-05-29,2027-05-24
700241,1106,Car Loan,4209644,7.88,24,Closed,175401.83,2025-10-27,2027-10-17
700242,1081,Business Loan,2180393,10.01,36,Default,60566.47,2025-02-14,2028-01-30
700243,1048,Education Loan,4393722,13.33,24,Default,183071.75,2024-06-23,2026-06-13
700244,1003,Education Loan,4650893,14.13,240,Default,19378.72,2025-05-30,2045-02-14
700245,1075,Education Loan,3883614,14.58,12,Active,323634.5,2022-01-28,2023-01-23
700246,1087,Education Loan,4034815,11.38,12,Active,336234.58,2026-04-27,2027-04-22
700247,1050,Personal Loan,4429789,11.63,36,Default,123049.69,2026-03-21,2029-03-05
700248,1128,Business Loan,1962292,13.53,36,Active,54508.11,2024-05-27,2027-05-12
700249,1062,Home Loan,742032,10.76,12,Default,61836.0,2024-12-12,2025-12-07
700250,1015,Business Loan,4162521,9.39,36,Closed,115625.58,2023-06-07,2026-05-22
700251,1152,Business Loan,3268527,11.94,60,Active,54475.45,2024-04-26,2029-03-31
700252,1168,Business Loan,1590997,14.48,120,Default,13258.31,2023-07-29,2033-06-06
700253,1002,Car Loan,157423,7.73,60,Active,2623.72,2023-07-13,2028-06-16
700254,1102,Education Loan,388456,12.39,120,Closed,3237.13,2021-10-26,2031-09-04
700255,1097,Personal Loan,3243669,14.84,24,Default,135152.88,2024-02-17,2026-02-06
700256,1117,Education Loan,2534946,8.38,120,Default,21124.55,2026-06-07,2036-04-15
700257,1130,Personal Loan,3728682,10.82,12,Active,310723.5,2023-07-01,2024-06-25
700258,1124,Home Loan,2331653,8.51,24,Active,97152.21,2025-05-19,2027-05-09
700259,1151,Car Loan,2366221,12.78,24,Default,98592.54,2023-09-07,2025-08-27
700260,1101,Home Loan,960806,13.2,36,Active,26689.06,2024-03-29,2027-03-14
700261,1110,Home Loan,547109,12.29,12,Default,45592.42,2022-12-30,2023-12-25
700262,1051,Personal Loan,3420779,14.67,60,Active,57012.98,2024-03-06,2029-02-08
700263,1110,Business Loan,3005468,12.5,240,Closed,12522.78,2025-09-29,2045-06-16
700264,1115,Car Loan,1210424,12.81,24,Closed,50434.33,2025-05-29,2027-05-19
700265,1170,Education Loan,2749516,8.18,12,Active,229126.33,2025-06-25,2026-06-20
700266,1093,Personal Loan,3541679,13.19,12,Default,295139.92,2025-10-26,2026-10-21
700267,1079,Business Loan,738062,11.25,36,Active,20501.72,2025-01-03,2027-12-19
700268,1137,Car Loan,4121322,9.99,240,Active,17172.17,2022-06-29,2042-03-16
700269,1137,Business Loan,596446,9.38,12,Active,49703.83,2022-10-29,2023-10-24
700270,1155,Home Loan,1146215,9.21,240,Closed,4775.9,2025-11-28,2045-08-15
700271,1126,Business Loan,675805,14.42,12,Active,56317.08,2025-09-25,2026-09-20
700272,1114,Personal Loan,1174769,10.25,240,Closed,4894.87,2026-06-22,2046-03-09
700273,1038,Home Loan,1600104,11.33,36,Closed,44447.33,2021-09-30,2024-09-14
700274,1134,Personal Loan,2109766,9.09,36,Closed,58604.61,2022-11-04,2025-10-19
700275,1084,Education Loan,1326813,8.49,12,Default,110567.75,2026-04-05,2027-03-31
700276,1180,Education Loan,2683021,10.0,240,Active,11179.25,2022-08-08,2042-04-25
700277,1078,Personal Loan,3376769,13.48,120,Default,28139.74,2022-06-30,2032-05-08
700278,1080,Home Loan,3864059,14.78,36,Closed,107334.97,2024-07-02,2027-06-17
700279,1045,Car Loan,2226648,9.1,240,Default,9277.7,2022-04-02,2041-12-18
700280,1175,Home Loan,676415,9.23,12,Default,56367.92,2025-11-21,2026-11-16
700281,1155,Business Loan,2371349,14.2,120,Closed,19761.24,2025-01-01,2034-11-10
700282,1106,Personal Loan,1505805,10.82,36,Default,41827.92,2024-05-17,2027-05-02
700283,1079,Personal Loan,3638985,13.82,120,Closed,30324.88,2024-12-02,2034-10-11
700284,1073,Education Loan,4525833,11.49,240,Default,18857.64,2023-01-25,2042-10-12
700285,1115,Personal Loan,978756,9.98,24,Default,40781.5,2024-02-24,2026-02-13
700286,1023,Personal Loan,3581127,10.39,24,Default,149213.62,2024-11-26,2026-11-16
700287,1100,Home Loan,4186480,10.6,240,Active,17443.67,2025-10-03,2045-06-20
700288,1053,Car Loan,4063455,12.09,240,Default,16931.06,2024-10-18,2044-07-05
700289,1025,Personal Loan,3708414,12.52,240,Default,15451.73,2021-08-24,2041-05-11
700290,1083,Personal Loan,1627648,10.86,12,Active,135637.33,2025-02-23,2026-02-18
700291,1098,Business Loan,4616202,13.12,120,Closed,38468.35,2026-06-22,2036-04-30
700292,1138,Personal Loan,1363740,11.08,60,Closed,22729.0,2023-02-17,2028-01-22
700293,1170,Education Loan,2154740,14.29,36,Active,59853.89,2023-08-29,2026-08-13
700294,1132,Business Loan,3357315,9.64,120,Default,27977.62,2026-07-02,2036-05-10
700295,1174,Education Loan,2102159,11.01,60,Active,35035.98,2021-10-07,2026-09-11
700296,1046,Home Loan,2308893,12.17,12,Closed,192407.75,2023-10-05,2024-09-29
700297,1084,Car Loan,916019,7.99,12,Closed,76334.92,2024-08-02,2025-07-28
700298,1156,Business Loan,978034,12.92,120,Active,8150.28,2025-10-15,2035-08-24
700299,1018,Education Loan,4218310,7.93,60,Closed,70305.17,2022-12-12,2027-11-16
700300,1122,Business Loan,4889708,12.7,24,Default,203737.83,2024-03-25,2026-03-15
700301,1144,Education Loan,4688703,12.0,12,Closed,390725.25,2023-12-01,2024-11-25
700302,1012,Personal Loan,89122,9.52,240,Active,371.34,2022-02-06,2041-10-24
700303,1061,Car Loan,2633938,11.27,36,Default,73164.94,2022-12-22,2025-12-06
700304,1161,Home Loan,2889911,12.64,120,Closed,24082.59,2021-12-18,2031-10-27
700305,1043,Car Loan,4632724,9.07,36,Active,128686.78,2024-08-22,2027-08-07
700306,1062,Home Loan,783927,9.0,240,Default,3266.36,2024-02-26,2043-11-13
700307,1029,Car Loan,4943036,10.66,60,Default,82383.93,2022-12-03,2027-11-07
700308,1037,Business Loan,1136536,8.26,12,Closed,94711.33,2022-01-19,2023-01-14
700309,1010,Education Loan,1230348,7.61,12,Default,102529.0,2026-02-27,2027-02-22
700310,1115,Education Loan,621860,14.75,12,Closed,51821.67,2025-09-25,2026-09-20
700311,1062,Education Loan,4435279,12.04,60,Closed,73921.32,2024-09-04,2029-08-09
700312,1092,Home Loan,3604851,10.6,12,Default,300404.25,2024-02-09,2025-02-03
700313,1069,Home Loan,3148338,8.37,120,Default,26236.15,2022-11-15,2032-09-23
700314,1151,Car Loan,595774,14.55,24,Closed,24823.92,2025-05-06,2027-04-26
700315,1055,Car Loan,1502843,7.7,120,Closed,12523.69,2022-05-20,2032-03-28
700316,1039,Personal Loan,3297488,9.37,240,Closed,13739.53,2026-05-04,2046-01-19
700317,1146,Home Loan,2904495,10.56,60,Closed,48408.25,2021-12-23,2026-11-27
700318,1125,Education Loan,3568720,8.64,24,Closed,148696.67,2025-07-03,2027-06-23
700319,1135,Personal Loan,4121190,13.67,24,Closed,171716.25,2024-01-07,2025-12-27
700320,1110,Home Loan,2134584,8.19,24,Active,88941.0,2022-02-20,2024-02-10
700321,1111,Car Loan,2054533,14.69,240,Default,8560.55,2025-06-21,2045-03-08
700322,1158,Home Loan,1512476,11.67,240,Closed,6301.98,2025-12-30,2045-09-16
700323,1174,Education Loan,3992524,14.05,24,Closed,166355.17,2023-05-11,2025-04-30
700324,1099,Business Loan,897946,12.85,36,Active,24942.94,2025-08-21,2028-08-05
700325,1100,Personal Loan,1397890,12.22,36,Default,38830.28,2025-07-25,2028-07-09
700326,1090,Personal Loan,477609,8.92,240,Active,1990.04,2024-07-24,2044-04-10
700327,1032,Business Loan,2547519,11.48,60,Default,42458.65,2022-10-25,2027-09-29
700328,1171,Education Loan,3516919,12.35,36,Default,97692.19,2023-05-22,2026-05-06
700329,1037,Personal Loan,1744677,9.32,120,Default,14538.98,2026-04-11,2036-02-18
700330,1138,Business Loan,1177901,10.27,60,Active,19631.68,2023-02-11,2028-01-16
700331,1070,Education Loan,2747486,9.13,36,Closed,76319.06,2026-03-22,2029-03-06
700332,1063,Business Loan,1803592,10.44,60,Closed,30059.87,2025-06-15,2030-05-20
700333,1154,Personal Loan,4437946,9.95,240,Active,18491.44,2025-11-25,2045-08-12
700334,1020,Home Loan,1355983,13.43,240,Default,5649.93,2025-05-27,2045-02-11
700335,1037,Business Loan,876248,13.22,36,Default,24340.22,2022-05-05,2025-04-19
700336,1029,Car Loan,4201301,10.36,12,Closed,350108.42,2025-06-14,2026-06-09
700337,1150,Education Loan,928416,14.59,60,Default,15473.6,2022-12-26,2027-11-30
700338,1073,Education Loan,4019221,7.91,240,Active,16746.75,2023-11-10,2043-07-28
700339,1088,Business Loan,1077990,10.39,36,Active,29944.17,2022-08-31,2025-08-15
700340,1089,Business Loan,4289884,8.95,240,Default,17874.52,2022-02-05,2041-10-23
700341,1028,Education Loan,3286801,13.24,240,Active,13695.0,2026-01-25,2045-10-12
700342,1161,Car Loan,1177019,11.73,12,Active,98084.92,2026-04-13,2027-04-08
700343,1005,Home Loan,1288320,8.85,240,Closed,5368.0,2022-02-27,2041-11-14
700344,1040,Home Loan,2750819,12.13,120,Default,22923.49,2023-05-28,2033-04-05
700345,1165,Education Loan,3070917,12.6,36,Closed,85303.25,2022-03-04,2025-02-16
700346,1092,Home Loan,2631187,14.32,36,Closed,73088.53,2022-10-20,2025-10-04
700347,1008,Car Loan,2380310,9.62,36,Closed,66119.72,2023-09-23,2026-09-07
700348,1069,Car Loan,393400,10.39,60,Default,6556.67,2025-04-27,2030-04-01
700349,1090,Education Loan,86396,13.68,36,Active,2399.89,2022-04-24,2025-04-08
700350,1093,Home Loan,4995830,8.97,60,Default,83263.83,2025-08-17,2030-07-22
700351,1062,Car Loan,1990993,14.84,12,Active,165916.08,2021-11-19,2022-11-14
700352,1156,Personal Loan,4266769,13.46,120,Closed,35556.41,2025-08-14,2035-06-23
700353,1081,Home Loan,2530085,8.3,120,Closed,21084.04,2023-12-11,2033-10-19
700354,1063,Business Loan,4658685,11.21,12,Closed,388223.75,2023-04-25,2024-04-19
700355,1114,Car Loan,4844815,13.35,120,Default,40373.46,2025-05-17,2035-03-26
700356,1105,Business Loan,2344134,11.14,120,Closed,19534.45,2025-01-18,2034-11-27
700357,1130,Car Loan,4760028,8.94,60,Active,79333.8,2023-06-13,2028-05-17
700358,1023,Home Loan,4269561,13.01,36,Default,118598.92,2022-10-09,2025-09-23
700359,1015,Education Loan,3118613,13.8,24,Active,129942.21,2025-04-07,2027-03-28
700360,1056,Education Loan,1096631,11.16,36,Active,30461.97,2026-02-12,2029-01-27
700361,1120,Home Loan,3608259,11.13,12,Active,300688.25,2026-06-29,2027-06-24
700362,1133,Business Loan,2922760,11.81,36,Closed,81187.78,2022-12-23,2025-12-07
700363,1135,Car Loan,630116,11.2,60,Default,10501.93,2025-11-09,2030-10-14
700364,1166,Personal Loan,1861887,14.69,60,Closed,31031.45,2024-02-02,2029-01-06
700365,1009,Personal Loan,1857956,14.52,120,Closed,15482.97,2021-09-24,2031-08-03
700366,1001,Personal Loan,3437606,14.23,60,Default,57293.43,2023-06-29,2028-06-02
700367,1093,Home Loan,1313568,11.0,36,Active,36488.0,2023-04-20,2026-04-04
700368,1071,Education Loan,4521425,12.21,120,Closed,37678.54,2022-11-05,2032-09-13
700369,1127,Education Loan,1190666,8.07,120,Default,9922.22,2024-10-29,2034-09-07
700370,1011,Education Loan,1069429,10.21,24,Active,44559.54,2025-12-06,2027-11-26
700371,1087,Home Loan,1510328,11.93,12,Default,125860.67,2025-11-02,2026-10-28
700372,1065,Education Loan,1946234,10.05,24,Closed,81093.08,2024-07-06,2026-06-26
700373,1145,Education Loan,2766091,9.97,120,Default,23050.76,2022-09-06,2032-07-15
700374,1167,Business Loan,3995978,14.96,12,Active,332998.17,2022-02-11,2023-02-06
700375,1100,Personal Loan,240812,13.35,36,Closed,6689.22,2025-04-24,2028-04-08
700376,1031,Business Loan,2260724,11.05,36,Default,62797.89,2025-07-16,2028-06-30
700377,1107,Home Loan,4781658,10.62,60,Default,79694.3,2024-10-12,2029-09-16
700378,1158,Car Loan,3582261,8.12,240,Default,14926.09,2023-09-14,2043-06-01
700379,1147,Education Loan,616251,9.71,60,Default,10270.85,2024-02-04,2029-01-08
700380,1042,Car Loan,1432803,12.47,12,Closed,119400.25,2026-07-30,2027-07-25
700381,1052,Personal Loan,1451365,9.8,120,Default,12094.71,2026-05-13,2036-03-21
700382,1126,Education Loan,269437,9.35,60,Default,4490.62,2025-12-12,2030-11-16
700383,1125,Home Loan,2356833,7.79,12,Active,196402.75,2021-10-29,2022-10-24
700384,1026,Education Loan,4636932,14.8,24,Default,193205.5,2024-09-30,2026-09-20
700385,1077,Business Loan,3902098,8.14,120,Default,32517.48,2024-03-07,2034-01-14
700386,1165,Business Loan,1875530,9.72,120,Default,15629.42,2024-11-17,2034-09-26
700387,1078,Personal Loan,1284099,7.74,24,Closed,53504.12,2022-07-07,2024-06-26
700388,1172,Home Loan,4789356,8.1,120,Closed,39911.3,2023-01-29,2032-12-07
700389,1056,Education Loan,541897,12.91,24,Default,22579.04,2021-11-21,2023-11-11
700390,1104,Business Loan,3280227,10.19,240,Active,13667.61,2025-10-02,2045-06-19
700391,1020,Home Loan,4060444,11.0,60,Closed,67674.07,2024-09-08,2029-08-13
700392,1122,Personal Loan,4015045,7.97,120,Default,33458.71,2024-02-29,2034-01-07
700393,1028,Car Loan,3989600,13.26,60,Closed,66493.33,2023-03-19,2028-02-21
700394,1176,Personal Loan,1472740,8.51,12,Default,122728.33,2023-04-09,2024-04-03
700395,1101,Business Loan,4126777,10.71,36,Active,114632.69,2023-03-09,2026-02-21
700396,1037,Home Loan,3994119,8.76,60,Active,66568.65,2025-08-31,2030-08-05
700397,1040,Home Loan,2767578,12.82,24,Closed,115315.75,2024-01-18,2026-01-07
700398,1121,Personal Loan,3075282,9.57,36,Active,85424.5,2023-07-29,2026-07-13
700399,1003,Education Loan,2045424,14.6,60,Active,34090.4,2022-07-08,2027-06-12
700400,1109,Education Loan,4643322,10.81,120,Default,38694.35,2025-07-29,2035-06-07
700401,1113,Car Loan,4459043,9.64,36,Default,123862.31,2024-11-14,2027-10-30
700402,1065,Home Loan,1095069,13.15,36,Active,30418.58,2022-02-15,2025-01-30
700403,1054,Home Loan,3062997,13.34,36,Closed,85083.25,2023-01-20,2026-01-04
700404,1072,Personal Loan,921732,14.88,12,Active,76811.0,2023-07-24,2024-07-18
700405,1083,Personal Loan,4432926,11.96,60,Active,73882.1,2024-09-25,2029-08-30
700406,1010,Personal Loan,4092846,9.85,60,Active,68214.1,2024-03-16,2029-02-18
700407,1156,Car Loan,3518873,12.24,36,Closed,97746.47,2021-10-23,2024-10-07
700408,1119,Personal Loan,3056079,10.91,36,Closed,84891.08,2025-10-30,2028-10-14
700409,1021,Home Loan,4382163,13.07,240,Default,18259.01,2025-05-12,2045-01-27
700410,1115,Business Loan,3513607,9.92,60,Default,58560.12,2022-12-16,2027-11-20
700411,1172,Car Loan,3681944,14.96,240,Active,15341.43,2021-09-26,2041-06-13
700412,1128,Business Loan,4114387,13.31,36,Closed,114288.53,2024-06-29,2027-06-14
700413,1171,Business Loan,2842467,11.89,24,Default,118436.12,2023-02-04,2025-01-24
700414,1080,Car Loan,4366201,14.76,12,Active,363850.08,2024-05-28,2025-05-23
700415,1130,Home Loan,2714034,8.77,240,Default,11308.48,2025-11-03,2045-07-21
700416,1042,Education Loan,137214,9.61,240,Closed,571.73,2025-10-24,2045-07-11
700417,1176,Personal Loan,3422237,12.09,60,Active,57037.28,2023-09-22,2028-08-26
700418,1119,Business Loan,2476299,14.34,36,Active,68786.08,2026-06-09,2029-05-24
700419,1009,Car Loan,2031794,8.31,24,Default,84658.08,2025-12-14,2027-12-04
700420,1108,Education Loan,3243343,9.14,120,Closed,27027.86,2022-04-07,2032-02-14
700421,1083,Education Loan,3234605,12.23,24,Active,134775.21,2023-02-05,2025-01-25
700422,1154,Car Loan,3535492,10.84,36,Active,98208.11,2025-09-27,2028-09-11
700423,1062,Education Loan,1802934,13.83,240,Active,7512.23,2024-12-22,2044-09-08
700424,1068,Car Loan,300585,11.46,120,Default,2504.88,2024-08-06,2034-06-15
700425,1116,Business Loan,1953339,9.25,36,Closed,54259.42,2022-12-28,2025-12-12
700426,1083,Home Loan,2271158,8.09,240,Default,9463.16,2026-05-07,2046-01-22
700427,1097,Home Loan,1490821,8.84,12,Closed,124235.08,2022-07-16,2023-07-11
700428,1054,Home Loan,331969,8.16,60,Closed,5532.82,2025-02-25,2030-01-30
700429,1133,Personal Loan,1545540,10.35,12,Default,128795.0,2024-12-29,2025-12-24
700430,1106,Car Loan,1273616,8.0,24,Closed,53067.33,2021-08-27,2023-08-17
700431,1025,Personal Loan,2591339,8.03,60,Closed,43188.98,2022-06-09,2027-05-14
700432,1015,Home Loan,1280521,14.87,36,Default,35570.03,2023-08-04,2026-07-19
700433,1057,Business Loan,2399952,13.48,240,Default,9999.8,2024-10-04,2044-06-21
700434,1124,Home Loan,2413210,8.05,12,Active,201100.83,2022-04-02,2023-03-28
700435,1113,Education Loan,263233,14.23,24,Default,10968.04,2026-01-16,2028-01-06
700436,1154,Business Loan,4281757,10.04,36,Closed,118937.69,2022-02-10,2025-01-25
700437,1114,Car Loan,4219164,13.17,36,Default,117199.0,2023-06-09,2026-05-24
700438,1093,Car Loan,348852,10.24,60,Default,5814.2,2022-03-21,2027-02-23
700439,1098,Personal Loan,3944960,13.12,120,Default,32874.67,2025-12-16,2035-10-25
700440,1120,Car Loan,4548316,9.68,36,Default,126342.11,2025-06-08,2028-05-23
700441,1163,Education Loan,1421105,9.39,60,Default,23685.08,2024-04-05,2029-03-10
700442,1144,Car Loan,91698,9.93,60,Closed,1528.3,2026-05-26,2031-04-30
700443,1076,Personal Loan,1008915,13.0,60,Default,16815.25,2025-05-03,2030-04-07
700444,1159,Business Loan,123574,10.75,36,Active,3432.61,2025-11-16,2028-10-31
700445,1126,Car Loan,4771677,13.22,36,Default,132546.58,2023-05-01,2026-04-15
700446,1124,Education Loan,2910627,11.26,12,Active,242552.25,2026-01-03,2026-12-29
700447,1078,Business Loan,3476587,11.93,24,Closed,144857.79,2026-06-25,2028-06-14
700448,1142,Home Loan,1872872,11.16,60,Active,31214.53,2023-02-26,2028-01-31
700449,1050,Personal Loan,2970954,9.8,12,Closed,247579.5,2023-07-25,2024-07-19
700450,1092,Education Loan,3867521,8.93,12,Closed,322293.42,2023-12-10,2024-12-04
700451,1118,Personal Loan,3197619,7.97,120,Active,26646.83,2025-01-07,2034-11-16
700452,1089,Education Loan,4233311,7.89,240,Closed,17638.8,2024-11-07,2044-07-25
700453,1107,Home Loan,2452010,12.0,240,Default,10216.71,2021-09-14,2041-06-01
700454,1158,Home Loan,502708,12.51,60,Closed,8378.47,2025-03-25,2030-02-27
700455,1071,Home Loan,54202,8.35,12,Default,4516.83,2022-03-21,2023-03-16
700456,1007,Personal Loan,2442162,10.19,240,Active,10175.67,2023-05-30,2043-02-14
700457,1098,Car Loan,3887243,11.68,60,Default,64787.38,2025-01-21,2029-12-26
700458,1046,Education Loan,1762963,14.33,120,Default,14691.36,2024-09-03,2034-07-13
700459,1042,Car Loan,2624948,14.98,36,Closed,72915.22,2023-04-29,2026-04-13
700460,1116,Business Loan,907910,13.98,24,Default,37829.58,2025-07-16,2027-07-06
700461,1100,Car Loan,1548366,14.82,120,Active,12903.05,2023-12-04,2033-10-12
700462,1008,Personal Loan,4777458,12.39,12,Default,398121.5,2022-08-02,2023-07-28
700463,1059,Car Loan,1717461,10.21,120,Default,14312.17,2025-09-16,2035-07-26
700464,1112,Car Loan,3183165,11.68,36,Active,88421.25,2021-12-10,2024-11-24
700465,1005,Car Loan,4043897,12.42,12,Closed,336991.42,2023-06-03,2024-05-28
700466,1120,Car Loan,1388504,14.65,36,Active,38569.56,2024-06-23,2027-06-08
700467,1144,Home Loan,3014448,11.11,24,Closed,125602.0,2022-04-08,2024-03-28
700468,1127,Education Loan,2982238,7.68,240,Default,12425.99,2025-03-17,2044-12-02
700469,1098,Education Loan,3890973,11.4,12,Closed,324247.75,2025-09-06,2026-09-01
700470,1041,Personal Loan,1287751,7.81,120,Closed,10731.26,2023-05-22,2033-03-30
700471,1122,Home Loan,4096226,10.2,24,Default,170676.08,2021-08-14,2023-08-04
700472,1066,Personal Loan,3913061,9.85,24,Active,163044.21,2025-07-09,2027-06-29
700473,1016,Business Loan,2528309,7.52,36,Default,70230.81,2026-06-23,2029-06-07
700474,1026,Home Loan,3246941,14.21,240,Active,13528.92,2023-09-23,2043-06-10
700475,1016,Business Loan,4481674,7.84,24,Closed,186736.42,2021-10-31,2023-10-21
700476,1030,Car Loan,3775870,14.4,24,Closed,157327.92,2021-09-18,2023-09-08
700477,1046,Education Loan,2119258,11.36,240,Default,8830.24,2025-01-01,2044-09-18
700478,1023,Home Loan,3375467,7.69,12,Default,281288.92,2026-05-01,2027-04-26
700479,1176,Car Loan,4971760,10.94,36,Default,138104.44,2026-06-22,2029-06-06
700480,1117,Education Loan,3330189,11.8,120,Closed,27751.58,2022-02-09,2031-12-19
700481,1121,Education Loan,4271535,10.41,240,Active,17798.06,2022-10-03,2042-06-20
700482,1007,Personal Loan,1577571,8.97,12,Closed,131464.25,2022-09-06,2023-09-01
700483,1108,Education Loan,4128763,13.13,24,Closed,172031.79,2024-03-10,2026-02-28
700484,1114,Business Loan,2274579,9.97,12,Closed,189548.25,2025-08-08,2026-08-03
700485,1073,Car Loan,1226535,8.93,120,Active,10221.12,2026-03-25,2036-02-01
700486,1156,Home Loan,4739234,14.78,24,Default,197468.08,2024-04-10,2026-03-31
700487,1042,Business Loan,263805,10.2,240,Default,1099.19,2025-02-19,2044-11-06
700488,1010,Education Loan,1372341,11.88,60,Closed,22872.35,2024-12-20,2029-11-24
700489,1137,Home Loan,342706,13.8,24,Default,14279.42,2025-09-06,2027-08-27
700490,1017,Car Loan,3215044,9.45,12,Default,267920.33,2021-10-10,2022-10-05
700491,1151,Education Loan,2868688,11.45,60,Closed,47811.47,2026-06-23,2031-05-28
700492,1003,Home Loan,835908,10.18,240,Active,3482.95,2022-09-01,2042-05-19
700493,1005,Car Loan,2146490,13.88,60,Default,35774.83,2023-09-12,2028-08-16
700494,1159,Education Loan,4117419,13.71,36,Active,114372.75,2022-01-26,2025-01-10
700495,1021,Home Loan,171624,11.99,240,Closed,715.1,2023-02-12,2042-10-30
700496,1169,Home Loan,2652827,8.3,24,Default,110534.46,2024-10-12,2026-10-02
700497,1130,Car Loan,4155918,13.64,24,Default,173163.25,2023-11-17,2025-11-06
700498,1134,Education Loan,2872279,12.93,12,Default,239356.58,2021-12-27,2022-12-22
700499,1119,Education Loan,2226658,14.1,24,Default,92777.42,2025-01-07,2026-12-28
700500,1013,Business Loan,4772232,12.41,60,Active,79537.2,2021-09-29,2026-09-03
700501,1095,Car Loan,687625,14.2,120,Default,5730.21,2026-01-28,2035-12-07
700502,1113,Personal Loan,1346608,12.47,24,Closed,56108.67,2026-04-25,2028-04-14
700503,1157,Home Loan,1117127,14.49,12,Closed,93093.92,2022-03-26,2023-03-21
700504,1156,Car Loan,1540973,9.15,36,Active,42804.81,2023-05-16,2026-04-30
700505,1161,Personal Loan,2747571,10.67,24,Closed,114482.12,2024-07-06,2026-06-26
700506,1136,Home Loan,4271644,12.78,24,Active,177985.17,2026-05-21,2028-05-10
700507,1008,Car Loan,4466009,9.26,12,Default,372167.42,2022-06-13,2023-06-08
700508,1045,Car Loan,408059,8.38,36,Closed,11334.97,2022-07-17,2025-07-01
700509,1052,Personal Loan,2919802,9.53,36,Closed,81105.61,2025-08-17,2028-08-01
700510,1158,Car Loan,488714,12.18,60,Closed,8145.23,2026-04-06,2031-03-11
700511,1010,Personal Loan,1575245,14.82,240,Closed,6563.52,2023-02-10,2042-10-28
700512,1059,Business Loan,2146316,12.35,24,Active,89429.83,2023-03-06,2025-02-23
700513,1171,Education Loan,3210685,13.9,24,Default,133778.54,2024-12-13,2026-12-03
700514,1026,Personal Loan,4060444,11.89,12,Closed,338370.33,2024-05-24,2025-05-19
700515,1055,Personal Loan,71493,7.9,240,Default,297.89,2022-06-21,2042-03-08
700516,1067,Car Loan,1532793,8.51,36,Active,42577.58,2024-10-15,2027-09-30
700517,1067,Education Loan,1464781,7.75,36,Active,40688.36,2022-01-24,2025-01-08
700518,1007,Education Loan,539670,13.61,24,Active,22486.25,2025-08-25,2027-08-15
700519,1068,Personal Loan,3122451,8.18,36,Default,86734.75,2022-05-17,2025-05-01
700520,1126,Education Loan,4582521,12.83,60,Default,76375.35,2025-06-28,2030-06-02
700521,1132,Business Loan,2713079,11.97,24,Closed,113044.96,2022-03-23,2024-03-12
700522,1098,Personal Loan,3696549,8.79,60,Closed,61609.15,2022-02-03,2027-01-08
700523,1038,Business Loan,2517205,10.23,120,Closed,20976.71,2024-02-23,2034-01-01
700524,1106,Education Loan,1819324,8.84,240,Closed,7580.52,2026-06-04,2046-02-19
700525,1153,Personal Loan,3509530,14.42,120,Closed,29246.08,2023-11-27,2033-10-05
700526,1173,Home Loan,1189355,9.91,240,Closed,4955.65,2025-03-22,2044-12-07
700527,1121,Car Loan,3032832,12.19,60,Closed,50547.2,2022-12-23,2027-11-27
700528,1006,Business Loan,731029,11.47,60,Closed,12183.82,2021-12-26,2026-11-30
700529,1117,Personal Loan,4088023,13.52,24,Active,170334.29,2023-01-19,2025-01-08
700530,1111,Home Loan,4431706,8.29,120,Default,36930.88,2024-06-29,2034-05-08
700531,1148,Business Loan,1880646,14.44,12,Default,156720.5,2025-07-09,2026-07-04
700532,1135,Business Loan,303258,13.58,24,Default,12635.75,2022-03-27,2024-03-16
700533,1147,Personal Loan,1437878,12.96,240,Active,5991.16,2025-12-27,2045-09-13
700534,1163,Home Loan,3507472,7.81,36,Closed,97429.78,2022-12-25,2025-12-09
700535,1161,Car Loan,1898389,14.49,60,Closed,31639.82,2025-08-30,2030-08-04
700536,1157,Car Loan,3470452,13.2,120,Closed,28920.43,2024-04-03,2034-02-10
700537,1036,Education Loan,3825071,14.61,240,Default,15937.8,2026-03-14,2045-11-29
700538,1067,Business Loan,4611569,11.52,36,Default,128099.14,2025-02-20,2028-02-05
700539,1135,Education Loan,702578,7.8,36,Default,19516.06,2023-03-17,2026-03-01
700540,1013,Education Loan,4081204,11.07,120,Closed,34010.03,2023-04-29,2033-03-07
700541,1128,Home Loan,527214,12.95,12,Closed,43934.5,2022-10-27,2023-10-22
700542,1071,Car Loan,2453354,13.97,60,Closed,40889.23,2022-09-19,2027-08-24
700543,1006,Education Loan,657608,14.85,24,Active,27400.33,2026-04-21,2028-04-10
700544,1127,Car Loan,157459,14.15,60,Active,2624.32,2026-06-03,2031-05-08
700545,1129,Personal Loan,1153168,9.46,240,Active,4804.87,2026-05-22,2046-02-06
700546,1021,Personal Loan,3194618,14.09,12,Active,266218.17,2023-07-30,2024-07-24
700547,1008,Home Loan,3153234,13.19,120,Default,26276.95,2024-03-19,2034-01-26
700548,1130,Business Loan,414142,13.47,120,Default,3451.18,2023-09-29,2033-08-07
700549,1103,Education Loan,1944826,14.75,120,Default,16206.88,2022-01-17,2031-11-26
700550,1121,Business Loan,731512,14.08,60,Default,12191.87,2026-04-04,2031-03-09
700551,1161,Personal Loan,1423565,10.14,36,Active,39543.47,2022-07-13,2025-06-27
700552,1143,Education Loan,1789851,11.23,60,Closed,29830.85,2022-07-21,2027-06-25
700553,1078,Business Loan,3488103,13.96,240,Closed,14533.76,2022-06-22,2042-03-09
700554,1074,Business Loan,1579996,10.8,120,Default,13166.63,2026-04-12,2036-02-19
700555,1133,Home Loan,4336922,9.14,240,Default,18070.51,2022-03-13,2041-11-28
700556,1135,Education Loan,3417354,11.22,36,Active,94926.5,2024-05-03,2027-04-18
700557,1131,Home Loan,2923865,11.3,12,Closed,243655.42,2025-03-13,2026-03-08
700558,1029,Business Loan,2403361,8.27,240,Default,10014.0,2024-07-20,2044-04-06
700559,1135,Home Loan,2069578,11.82,24,Closed,86232.42,2024-11-17,2026-11-07
700560,1016,Car Loan,2979412,8.95,24,Default,124142.17,2022-01-11,2024-01-01
700561,1135,Education Loan,1028030,13.58,36,Closed,28556.39,2023-01-14,2025-12-29
700562,1056,Personal Loan,372883,8.96,12,Active,31073.58,2022-07-22,2023-07-17
700563,1055,Education Loan,2167640,9.37,36,Active,60212.22,2021-11-24,2024-11-08
700564,1070,Personal Loan,2389558,13.36,36,Active,66376.61,2022-10-08,2025-09-22
700565,1126,Car Loan,1285015,8.68,36,Closed,35694.86,2024-05-07,2027-04-22
700566,1014,Personal Loan,4916128,10.1,36,Default,136559.11,2024-03-28,2027-03-13
700567,1062,Business Loan,1896183,8.98,36,Closed,52671.75,2025-09-21,2028-09-05
700568,1040,Car Loan,1908964,9.97,36,Default,53026.78,2022-12-20,2025-12-04
700569,1005,Education Loan,156027,9.58,36,Default,4334.08,2025-01-27,2028-01-12
700570,1045,Education Loan,3321954,11.14,12,Active,276829.5,2023-04-30,2024-04-24
700571,1037,Business Loan,1720365,12.79,60,Active,28672.75,2021-11-26,2026-10-31
700572,1094,Business Loan,3055089,7.51,120,Default,25459.08,2026-03-24,2036-01-31
700573,1054,Car Loan,3620098,7.64,240,Closed,15083.74,2022-07-17,2042-04-03
700574,1046,Personal Loan,3185876,13.85,120,Default,26548.97,2022-05-14,2032-03-22
700575,1170,Home Loan,1655699,13.75,240,Default,6898.75,2025-10-26,2045-07-13
700576,1117,Home Loan,2187195,14.3,120,Active,18226.62,2023-04-28,2033-03-06
700577,1058,Home Loan,4906818,13.65,12,Default,408901.5,2021-12-05,2022-11-30
700578,1068,Car Loan,1833436,8.44,36,Active,50928.78,2023-03-20,2026-03-04
700579,1018,Personal Loan,1768242,8.53,12,Default,147353.5,2025-06-30,2026-06-25
700580,1082,Car Loan,3438197,13.99,120,Active,28651.64,2024-02-15,2033-12-24
700581,1101,Home Loan,2282656,9.35,24,Active,95110.67,2026-06-15,2028-06-04
700582,1022,Business Loan,3351344,13.76,36,Default,93092.89,2022-07-30,2025-07-14
700583,1125,Home Loan,371208,14.45,60,Active,6186.8,2021-08-14,2026-07-19
700584,1117,Home Loan,2171761,14.44,120,Default,18098.01,2025-06-02,2035-04-11
700585,1082,Business Loan,3588147,14.32,120,Active,29901.22,2026-07-16,2036-05-24
700586,1054,Education Loan,2110755,9.7,36,Default,58632.08,2024-08-19,2027-08-04
700587,1118,Business Loan,2588703,8.06,240,Active,10786.26,2022-06-03,2042-02-18
700588,1075,Home Loan,652757,13.08,60,Default,10879.28,2023-04-06,2028-03-10
700589,1122,Home Loan,2513385,11.17,240,Closed,10472.44,2022-09-27,2042-06-14
700590,1044,Personal Loan,2957725,12.04,60,Active,49295.42,2026-01-20,2030-12-25
700591,1135,Business Loan,107038,11.14,12,Default,8919.83,2025-06-22,2026-06-17
700592,1027,Car Loan,4346057,11.93,60,Default,72434.28,2023-07-29,2028-07-02
700593,1128,Personal Loan,1475654,10.33,12,Closed,122971.17,2024-04-23,2025-04-18
700594,1027,Home Loan,1027081,11.52,36,Active,28530.03,2024-11-03,2027-10-19
700595,1035,Car Loan,1403629,14.53,120,Default,11696.91,2023-10-02,2033-08-10
700596,1055,Personal Loan,4273255,12.97,12,Closed,356104.58,2021-10-16,2022-10-11
700597,1063,Business Loan,4327358,11.01,12,Closed,360613.17,2022-10-01,2023-09-26
700598,1105,Business Loan,3036191,8.13,240,Closed,12650.8,2022-07-13,2042-03-30
700599,1037,Business Loan,2613537,13.65,12,Closed,217794.75,2025-11-27,2026-11-22
700600,1140,Car Loan,340497,9.9,36,Default,9458.25,2021-12-28,2024-12-12
700601,1143,Home Loan,4770735,10.4,240,Closed,19878.06,2022-03-04,2041-11-19
700602,1055,Home Loan,2750663,13.61,120,Default,22922.19,2025-11-18,2035-09-27
700603,1093,Home Loan,1370806,7.92,36,Default,38077.94,2026-01-09,2028-12-24
700604,1161,Education Loan,3344893,13.33,240,Default,13937.05,2023-04-15,2042-12-31
700605,1070,Personal Loan,1130194,11.57,60,Default,18836.57,2022-05-15,2027-04-19
700606,1005,Business Loan,4411925,10.27,36,Closed,122553.47,2023-05-20,2026-05-04
700607,1096,Business Loan,191937,8.99,60,Closed,3198.95,2025-07-30,2030-07-04
700608,1110,Home Loan,4940931,14.44,60,Default,82348.85,2021-09-13,2026-08-18
700609,1170,Business Loan,3506832,10.79,12,Active,292236.0,2022-06-14,2023-06-09
700610,1145,Car Loan,3429911,12.48,24,Closed,142912.96,2024-07-08,2026-06-28
700611,1020,Car Loan,2533705,8.86,36,Default,70380.69,2023-09-18,2026-09-02
700612,1028,Business Loan,1025522,12.76,24,Closed,42730.08,2025-05-11,2027-05-01
700613,1132,Home Loan,628135,9.33,24,Default,26172.29,2026-05-02,2028-04-21
700614,1143,Business Loan,3698615,14.72,120,Default,30821.79,2022-07-06,2032-05-14
700615,1156,Education Loan,4708758,14.05,24,Closed,196198.25,2026-04-14,2028-04-03
700616,1083,Business Loan,1959471,9.44,120,Default,16328.92,2026-01-26,2035-12-05
700617,1035,Business Loan,1323683,12.81,240,Closed,5515.35,2022-03-02,2041-11-17
700618,1156,Home Loan,1174272,7.92,12,Closed,97856.0,2023-09-28,2024-09-22
700619,1074,Business Loan,4936528,14.2,12,Closed,411377.33,2026-05-03,2027-04-28
700620,1139,Business Loan,1434513,14.43,240,Default,5977.14,2022-10-07,2042-06-24
700621,1094,Personal Loan,3941590,8.81,12,Default,328465.83,2023-11-23,2024-11-17
700622,1071,Business Loan,4308745,9.84,36,Default,119687.36,2021-08-29,2024-08-13
700623,1100,Personal Loan,3077491,11.63,120,Active,25645.76,2023-09-23,2033-08-01
700624,1017,Car Loan,241942,11.79,12,Active,20161.83,2022-01-01,2022-12-27
700625,1176,Car Loan,4605003,7.66,240,Default,19187.51,2025-11-24,2045-08-11
700626,1137,Home Loan,1096994,8.6,12,Closed,91416.17,2024-09-13,2025-09-08
700627,1099,Personal Loan,4372084,10.2,36,Default,121446.78,2023-07-31,2026-07-15
700628,1040,Personal Loan,3268036,10.42,36,Active,90778.78,2022-03-07,2025-02-19
700629,1019,Personal Loan,2255713,11.47,36,Closed,62658.69,2024-12-17,2027-12-02
700630,1138,Business Loan,2466502,8.37,36,Closed,68513.94,2024-12-09,2027-11-24
700631,1059,Education Loan,2878713,14.22,36,Active,79964.25,2025-07-08,2028-06-22
700632,1128,Business Loan,4784625,8.16,24,Default,199359.38,2021-10-15,2023-10-05
700633,1037,Home Loan,2258814,14.75,120,Closed,18823.45,2021-09-23,2031-08-02
700634,1009,Personal Loan,899924,13.66,60,Default,14998.73,2023-07-27,2028-06-30
700635,1106,Home Loan,192275,9.54,12,Active,16022.92,2022-05-23,2023-05-18
700636,1064,Personal Loan,4188956,13.58,120,Active,34907.97,2022-05-10,2032-03-18
700637,1005,Car Loan,2224648,7.89,24,Closed,92693.67,2022-01-05,2023-12-26
700638,1061,Home Loan,2208174,12.75,120,Active,18401.45,2022-03-30,2032-02-06
700639,1131,Personal Loan,1922673,9.67,36,Active,53407.58,2026-07-18,2029-07-02
700640,1114,Home Loan,4247144,14.95,240,Active,17696.43,2022-09-15,2042-06-02
700641,1179,Car Loan,3882897,9.97,24,Default,161787.38,2024-06-12,2026-06-02
700642,1099,Education Loan,3095137,10.08,240,Closed,12896.4,2026-03-15,2045-11-30
700643,1052,Personal Loan,3119244,14.76,24,Closed,129968.5,2023-03-21,2025-03-10
700644,1143,Home Loan,4982533,14.38,240,Active,20760.55,2024-04-11,2043-12-28
700645,1079,Business Loan,51445,8.88,240,Active,214.35,2026-07-21,2046-04-07
700646,1139,Home Loan,4612033,7.78,24,Active,192168.04,2022-02-21,2024-02-11
700647,1100,Business Loan,560580,11.5,240,Active,2335.75,2026-07-20,2046-04-06
700648,1066,Business Loan,3730195,12.75,240,Default,15542.48,2021-12-30,2041-09-16
700649,1136,Home Loan,603049,13.75,240,Active,2512.7,2023-08-19,2043-05-06
700650,1115,Personal Loan,4727942,10.51,240,Default,19699.76,2022-07-18,2042-04-04
700651,1107,Home Loan,1106392,8.93,36,Active,30733.11,2022-07-24,2025-07-08
700652,1138,Business Loan,2545345,9.1,24,Default,106056.04,2022-05-23,2024-05-12
700653,1143,Car Loan,4031916,10.77,36,Closed,111997.67,2025-11-24,2028-11-08
700654,1038,Car Loan,3832314,13.73,60,Closed,63871.9,2022-08-22,2027-07-27
700655,1180,Car Loan,2015078,8.14,240,Closed,8396.16,2023-08-28,2043-05-15
700656,1073,Home Loan,1812639,10.09,36,Closed,50351.08,2022-08-08,2025-07-23
700657,1128,Car Loan,2337979,14.57,60,Default,38966.32,2023-02-21,2028-01-26
700658,1010,Car Loan,2877422,8.77,240,Closed,11989.26,2022-05-20,2042-02-04
700659,1153,Personal Loan,1384608,12.69,240,Closed,5769.2,2023-10-27,2043-07-14
700660,1158,Home Loan,1401846,10.15,12,Default,116820.5,2021-10-19,2022-10-14
700661,1157,Business Loan,315970,8.62,12,Active,26330.83,2023-10-17,2024-10-11
700662,1026,Education Loan,328267,14.32,120,Active,2735.56,2024-10-31,2034-09-09
700663,1177,Car Loan,589288,14.88,60,Closed,9821.47,2025-04-21,2030-03-26
700664,1050,Home Loan,1500483,11.92,12,Closed,125040.25,2024-09-14,2025-09-09
700665,1077,Education Loan,4489096,14.52,12,Active,374091.33,2025-06-20,2026-06-15
700666,1090,Personal Loan,2476550,14.29,24,Default,103189.58,2025-05-29,2027-05-19
700667,1040,Business Loan,3905643,12.73,120,Closed,32547.03,2022-08-31,2032-07-09
700668,1047,Business Loan,3916239,10.21,36,Active,108784.42,2021-08-06,2024-07-21
700669,1159,Business Loan,1755918,7.69,12,Default,146326.5,2024-08-20,2025-08-15
700670,1044,Personal Loan,534452,12.37,24,Active,22268.83,2022-02-25,2024-02-15
700671,1050,Car Loan,2215351,13.75,60,Closed,36922.52,2025-09-17,2030-08-22
700672,1138,Personal Loan,2075468,7.87,36,Closed,57651.89,2023-08-04,2026-07-19
700673,1113,Personal Loan,2777671,10.53,60,Closed,46294.52,2024-11-08,2029-10-13
700674,1006,Home Loan,3646964,12.25,60,Default,60782.73,2024-07-06,2029-06-10
700675,1064,Home Loan,4261337,14.17,12,Active,355111.42,2023-05-19,2024-05-13
700676,1157,Personal Loan,4360614,11.86,60,Default,72676.9,2022-04-10,2027-03-15
700677,1152,Personal Loan,3907262,12.79,60,Default,65121.03,2024-07-18,2029-06-22
700678,1165,Car Loan,4304277,14.42,120,Default,35868.97,2025-10-02,2035-08-11
700679,1046,Business Loan,3439512,9.82,12,Active,286626.0,2025-09-20,2026-09-15
700680,1150,Home Loan,4932400,8.15,120,Closed,41103.33,2023-07-09,2033-05-17
700681,1034,Business Loan,3840335,14.02,36,Active,106675.97,2025-04-18,2028-04-02
700682,1010,Car Loan,4361313,12.84,120,Default,36344.28,2022-05-05,2032-03-13
700683,1124,Car Loan,4040773,14.91,12,Closed,336731.08,2022-03-18,2023-03-13
700684,1143,Home Loan,3127441,7.98,60,Active,52124.02,2025-11-26,2030-10-31
700685,1081,Business Loan,4299775,8.33,60,Default,71662.92,2022-04-03,2027-03-08
700686,1052,Education Loan,3998710,13.89,60,Default,66645.17,2023-01-07,2027-12-12
700687,1158,Personal Loan,3557705,14.41,120,Default,29647.54,2026-02-11,2035-12-21
700688,1081,Personal Loan,3632875,13.37,12,Closed,302739.58,2024-06-12,2025-06-07
700689,1003,Business Loan,1845397,14.6,60,Default,30756.62,2023-11-15,2028-10-19
700690,1050,Car Loan,58459,14.05,24,Closed,2435.79,2023-08-23,2025-08-12
700691,1177,Personal Loan,4027079,9.55,240,Default,16779.5,2024-04-29,2044-01-15
700692,1012,Education Loan,4322414,10.0,12,Closed,360201.17,2024-02-09,2025-02-03
700693,1012,Business Loan,3497052,13.35,120,Default,29142.1,2021-11-17,2031-09-26
700694,1126,Education Loan,4205169,11.48,24,Default,175215.38,2024-06-28,2026-06-18
700695,1029,Home Loan,4056055,12.95,120,Active,33800.46,2024-11-02,2034-09-11
700696,1074,Personal Loan,2848253,11.32,36,Active,79118.14,2024-11-23,2027-11-08
700697,1161,Car Loan,2693502,9.03,120,Active,22445.85,2022-06-17,2032-04-25
700698,1130,Personal Loan,773024,11.51,36,Default,21472.89,2024-04-01,2027-03-17
700699,1170,Home Loan,1389803,10.6,36,Active,38605.64,2023-05-06,2026-04-20
700700,1115,Personal Loan,1822778,7.79,120,Default,15189.82,2023-07-11,2033-05-19
700701,1005,Personal Loan,4959066,9.57,36,Default,137751.83,2024-04-17,2027-04-02
700702,1090,Car Loan,123897,10.68,36,Active,3441.58,2022-07-29,2025-07-13
700703,1136,Home Loan,378019,10.9,60,Default,6300.32,2023-04-18,2028-03-22
700704,1042,Education Loan,2668989,10.88,120,Active,22241.58,2026-05-11,2036-03-19
700705,1066,Home Loan,348264,8.27,120,Default,2902.2,2024-12-18,2034-10-27
700706,1008,Education Loan,4657303,14.95,12,Default,388108.58,2022-12-14,2023-12-09
700707,1060,Personal Loan,109509,12.23,240,Active,456.29,2024-02-07,2043-10-25
700708,1103,Education Loan,1896940,13.14,120,Active,15807.83,2021-08-15,2031-06-24
700709,1149,Personal Loan,4518881,10.5,60,Default,75314.68,2026-03-21,2031-02-23
700710,1130,Business Loan,4200951,11.45,120,Default,35007.93,2024-05-21,2034-03-30
700711,1005,Business Loan,1896792,14.79,36,Active,52688.67,2023-07-15,2026-06-29
700712,1107,Home Loan,284736,12.68,24,Active,11864.0,2023-02-17,2025-02-06
700713,1025,Education Loan,4952457,14.98,240,Default,20635.24,2025-02-18,2044-11-05
700714,1116,Business Loan,3610522,12.6,120,Closed,30087.68,2024-12-09,2034-10-18
700715,1041,Education Loan,2807773,7.56,120,Default,23398.11,2024-11-06,2034-09-15
700716,1112,Business Loan,1091973,12.02,24,Default,45498.88,2023-04-03,2025-03-23
700717,1067,Home Loan,1426328,8.83,120,Default,11886.07,2023-11-30,2033-10-08
700718,1173,Business Loan,4067489,7.85,36,Default,112985.81,2024-05-27,2027-05-12
700719,1017,Business Loan,637160,12.05,12,Default,53096.67,2022-08-30,2023-08-25
700720,1162,Business Loan,471206,14.82,36,Default,13089.06,2025-03-04,2028-02-17
700721,1170,Home Loan,771896,13.77,60,Active,12864.93,2024-09-12,2029-08-17
700722,1175,Business Loan,2117484,10.91,12,Closed,176457.0,2023-05-14,2024-05-08
700723,1040,Business Loan,2670410,12.74,24,Active,111267.08,2023-04-14,2025-04-03
700724,1047,Personal Loan,4156131,11.7,60,Active,69268.85,2025-10-24,2030-09-28
700725,1089,Education Loan,3621819,8.85,36,Closed,100606.08,2021-09-15,2024-08-30
700726,1112,Personal Loan,1420914,12.84,60,Active,23681.9,2021-11-14,2026-10-19
700727,1178,Home Loan,433611,8.24,24,Closed,18067.12,2022-07-31,2024-07-20
700728,1108,Home Loan,1704780,11.74,60,Closed,28413.0,2023-09-08,2028-08-12
700729,1159,Personal Loan,570776,9.82,60,Closed,9512.93,2023-01-28,2028-01-02
700730,1068,Home Loan,3599503,13.4,60,Active,59991.72,2021-09-19,2026-08-24
700731,1127,Education Loan,4031368,10.02,24,Default,167973.67,2026-03-16,2028-03-05
700732,1106,Personal Loan,1687955,13.06,60,Default,28132.58,2023-05-31,2028-05-04
700733,1065,Car Loan,3816161,14.19,240,Active,15900.67,2024-11-24,2044-08-11
700734,1027,Home Loan,1398912,14.64,36,Default,38858.67,2022-09-26,2025-09-10
700735,1180,Car Loan,624702,9.88,24,Default,26029.25,2025-10-14,2027-10-04
700736,1122,Business Loan,1230076,8.52,36,Closed,34168.78,2025-08-09,2028-07-24
700737,1031,Business Loan,658817,8.67,24,Closed,27450.71,2022-12-22,2024-12-11
700738,1058,Education Loan,450113,9.88,120,Default,3750.94,2026-03-22,2036-01-29
700739,1054,Car Loan,3878578,9.8,12,Active,323214.83,2021-10-19,2022-10-14
700740,1014,Education Loan,131062,9.65,36,Active,3640.61,2024-11-20,2027-11-05
700741,1137,Home Loan,1994551,11.48,36,Closed,55404.19,2025-05-06,2028-04-20
700742,1150,Car Loan,2531947,13.54,60,Default,42199.12,2024-10-14,2029-09-18
700743,1046,Personal Loan,4421294,9.28,12,Closed,368441.17,2026-07-25,2027-07-20
700744,1169,Education Loan,2236722,8.08,60,Active,37278.7,2024-06-08,2029-05-13
700745,1046,Education Loan,3608426,13.9,12,Default,300702.17,2025-11-20,2026-11-15
700746,1085,Business Loan,4247351,12.85,12,Active,353945.92,2024-02-20,2025-02-14
700747,1165,Business Loan,1487386,12.69,240,Active,6197.44,2023-09-21,2043-06-08
700748,1161,Business Loan,2525529,14.74,60,Closed,42092.15,2023-03-05,2028-02-07
700749,1050,Education Loan,81698,13.56,120,Default,680.82,2024-04-01,2034-02-08
700750,1167,Car Loan,2271866,12.49,24,Active,94661.08,2023-07-09,2025-06-28
700751,1101,Car Loan,3271240,10.91,36,Default,90867.78,2021-12-26,2024-12-10
700752,1003,Car Loan,1984458,9.02,60,Default,33074.3,2022-06-18,2027-05-23
700753,1004,Personal Loan,3268399,10.45,60,Default,54473.32,2025-02-21,2030-01-26
700754,1128,Personal Loan,3645472,10.59,240,Active,15189.47,2025-10-05,2045-06-22
700755,1113,Car Loan,1092329,11.55,120,Default,9102.74,2022-06-23,2032-05-01
700756,1058,Home Loan,4210135,11.15,120,Active,35084.46,2026-03-15,2036-01-22
700757,1066,Business Loan,4802430,9.26,240,Closed,20010.12,2023-11-25,2043-08-12
700758,1175,Education Loan,4753279,10.63,36,Default,132035.53,2024-02-09,2027-01-24
700759,1015,Business Loan,3674720,8.41,240,Active,15311.33,2024-04-13,2043-12-30
700760,1022,Home Loan,818870,13.13,36,Default,22746.39,2021-10-05,2024-09-19
700761,1049,Education Loan,4136757,8.01,240,Closed,17236.49,2023-01-31,2042-10-18
700762,1011,Business Loan,2246411,14.07,36,Closed,62400.31,2023-11-23,2026-11-07
700763,1013,Business Loan,2316040,13.09,240,Default,9650.17,2023-03-06,2042-11-21
700764,1162,Home Loan,4899015,13.74,12,Active,408251.25,2025-05-06,2026-05-01
700765,1158,Personal Loan,3364143,13.95,60,Closed,56069.05,2024-11-29,2029-11-03
700766,1168,Car Loan,1899252,10.83,36,Active,52757.0,2021-08-20,2024-08-04
700767,1129,Education Loan,4271840,12.69,120,Default,35598.67,2024-06-21,2034-04-30
700768,1014,Education Loan,3874208,10.87,120,Active,32285.07,2025-04-03,2035-02-10
700769,1123,Home Loan,3288692,12.81,120,Default,27405.77,2023-07-15,2033-05-23
700770,1103,Car Loan,4290058,9.23,60,Default,71500.97,2025-03-18,2030-02-20
700771,1133,Personal Loan,194806,10.86,36,Default,5411.28,2024-08-05,2027-07-21
700772,1018,Education Loan,4073135,9.61,12,Closed,339427.92,2025-08-23,2026-08-18
700773,1007,Home Loan,3545475,7.52,120,Closed,29545.62,2023-08-03,2033-06-11
700774,1031,Personal Loan,982574,12.95,24,Active,40940.58,2023-08-25,2025-08-14
700775,1012,Personal Loan,901361,10.52,240,Closed,3755.67,2026-05-03,2046-01-18
700776,1014,Education Loan,1336655,14.33,36,Closed,37129.31,2022-09-15,2025-08-30
700777,1133,Education Loan,743036,14.6,12,Default,61919.67,2024-12-08,2025-12-03
700778,1078,Education Loan,4168707,12.46,120,Closed,34739.22,2024-01-23,2033-12-01
700779,1067,Car Loan,384734,11.84,24,Closed,16030.58,2024-03-20,2026-03-10
700780,1171,Car Loan,4167828,14.44,240,Default,17365.95,2024-01-31,2043-10-18
700781,1091,Home Loan,613906,14.73,24,Active,25579.42,2026-06-15,2028-06-04
700782,1064,Personal Loan,2447533,11.59,60,Active,40792.22,2023-07-19,2028-06-22
700783,1092,Personal Loan,4375326,9.84,36,Active,121536.83,2026-02-03,2029-01-18
700784,1168,Home Loan,3436343,8.1,12,Active,286361.92,2025-08-04,2026-07-30
700785,1033,Home Loan,1784159,13.69,60,Closed,29735.98,2022-06-18,2027-05-23
700786,1022,Education Loan,1478307,9.38,60,Default,24638.45,2023-09-20,2028-08-24
700787,1005,Personal Loan,4300804,7.7,36,Active,119466.78,2025-08-19,2028-08-03
700788,1166,Business Loan,1197097,11.53,12,Active,99758.08,2024-12-20,2025-12-15
700789,1144,Personal Loan,548228,10.85,240,Closed,2284.28,2025-06-28,2045-03-15
700790,1119,Car Loan,634930,10.77,12,Closed,52910.83,2021-09-25,2022-09-20
700791,1132,Home Loan,3646170,14.65,60,Default,60769.5,2024-02-16,2029-01-20
700792,1168,Business Loan,3105356,10.82,24,Closed,129389.83,2025-02-13,2027-02-03
700793,1160,Business Loan,4118969,12.64,36,Active,114415.81,2025-04-14,2028-03-29
700794,1017,Business Loan,3619622,14.54,240,Default,15081.76,2023-02-21,2042-11-08
700795,1180,Home Loan,2371435,11.08,12,Active,197619.58,2026-01-22,2027-01-17
700796,1006,Home Loan,1958034,10.01,24,Default,81584.75,2025-09-02,2027-08-23
700797,1146,Home Loan,63395,7.77,120,Default,528.29,2024-11-14,2034-09-23
700798,1107,Education Loan,3869106,8.23,24,Default,161212.75,2025-12-22,2027-12-12
700799,1155,Car Loan,1330100,11.54,36,Active,36947.22,2026-01-13,2028-12-28
700800,1084,Business Loan,4840364,7.85,60,Active,80672.73,2023-07-21,2028-06-24
700801,1177,Car Loan,4021795,12.33,12,Closed,335149.58,2024-12-21,2025-12-16
700802,1099,Education Loan,100009,13.3,240,Default,416.7,2025-10-20,2045-07-07
700803,1168,Education Loan,4164980,8.82,240,Default,17354.08,2026-03-23,2045-12-08
700804,1178,Car Loan,1977258,8.7,36,Closed,54923.83,2024-06-23,2027-06-08
700805,1079,Education Loan,781185,10.33,60,Active,13019.75,2023-02-10,2028-01-15
700806,1092,Business Loan,2717486,11.97,60,Active,45291.43,2026-01-04,2030-12-09
700807,1073,Home Loan,4055214,14.9,12,Default,337934.5,2026-04-20,2027-04-15
700808,1074,Car Loan,631179,11.42,12,Default,52598.25,2024-05-04,2025-04-29
700809,1079,Education Loan,3556389,9.39,60,Closed,59273.15,2021-08-29,2026-08-03
700810,1021,Personal Loan,1294010,11.77,120,Active,10783.42,2026-01-20,2035-11-29
700811,1045,Business Loan,3936879,8.4,240,Default,16403.66,2024-11-22,2044-08-09
700812,1050,Education Loan,2094006,10.18,36,Closed,58166.83,2022-12-01,2025-11-15
700813,1076,Business Loan,3076548,14.79,60,Active,51275.8,2024-04-24,2029-03-29
700814,1053,Personal Loan,1134489,13.5,120,Closed,9454.08,2025-12-15,2035-10-24
700815,1048,Home Loan,4386910,7.6,24,Closed,182787.92,2024-04-09,2026-03-30
700816,1039,Personal Loan,771306,13.78,60,Active,12855.1,2023-09-08,2028-08-12
700817,1103,Home Loan,2619625,13.66,24,Default,109151.04,2021-10-09,2023-09-29
700818,1056,Home Loan,3656355,11.94,12,Active,304696.25,2023-05-08,2024-05-02
700819,1101,Home Loan,3880783,9.21,60,Default,64679.72,2024-06-04,2029-05-09
700820,1080,Personal Loan,1130641,9.64,120,Default,9422.01,2024-04-10,2034-02-17
700821,1141,Personal Loan,1722749,11.34,60,Closed,28712.48,2025-04-15,2030-03-20
700822,1176,Business Loan,2158115,9.28,24,Closed,89921.46,2022-02-01,2024-01-22
700823,1157,Education Loan,884793,14.54,36,Active,24577.58,2025-11-19,2028-11-03
700824,1068,Education Loan,4574693,13.65,24,Active,190612.21,2022-11-25,2024-11-14
700825,1009,Car Loan,1835588,13.99,12,Active,152965.67,2024-07-02,2025-06-27
700826,1094,Car Loan,3695935,12.78,60,Default,61598.92,2025-09-19,2030-08-24
700827,1080,Business Loan,1002494,9.32,36,Active,27847.06,2025-11-29,2028-11-13
700828,1146,Education Loan,1776942,10.18,240,Active,7403.93,2022-12-20,2042-09-06
700829,1094,Car Loan,3862123,7.94,120,Default,32184.36,2024-11-15,2034-09-24
700830,1014,Business Loan,2719339,11.46,24,Closed,113305.79,2022-11-12,2024-11-01
700831,1103,Business Loan,1070309,11.07,12,Active,89192.42,2024-08-21,2025-08-16
700832,1084,Home Loan,3291499,10.47,12,Active,274291.58,2021-08-03,2022-07-29
700833,1095,Car Loan,901706,11.96,60,Active,15028.43,2021-08-04,2026-07-09
700834,1014,Personal Loan,3117449,13.02,240,Active,12989.37,2022-06-05,2042-02-20
700835,1087,Car Loan,722802,12.1,12,Default,60233.5,2025-04-17,2026-04-12
700836,1003,Home Loan,755070,8.45,12,Default,62922.5,2022-04-05,2023-03-31
700837,1083,Home Loan,3658483,13.84,24,Active,152436.79,2023-11-13,2025-11-02
700838,1165,Personal Loan,4745720,8.46,36,Closed,131825.56,2025-04-20,2028-04-04
700839,1055,Car Loan,3769770,9.62,60,Closed,62829.5,2025-03-25,2030-02-27
700840,1008,Education Loan,2163707,11.67,240,Default,9015.45,2022-09-17,2042-06-04
700841,1056,Personal Loan,1444820,7.78,12,Closed,120401.67,2023-01-20,2024-01-15
700842,1132,Personal Loan,178559,12.22,36,Active,4959.97,2023-07-30,2026-07-14
700843,1078,Home Loan,3407724,9.45,120,Closed,28397.7,2026-04-26,2036-03-04
700844,1043,Personal Loan,1872831,14.5,240,Active,7803.46,2024-12-23,2044-09-09
700845,1047,Education Loan,1369482,9.37,60,Active,22824.7,2023-03-10,2028-02-12
700846,1110,Home Loan,4685834,12.22,12,Active,390486.17,2023-08-22,2024-08-16
700847,1161,Car Loan,1393696,12.65,120,Closed,11614.13,2025-07-02,2035-05-11
700848,1063,Home Loan,470363,11.33,240,Default,1959.85,2023-02-28,2042-11-15
700849,1110,Personal Loan,1582560,8.3,24,Closed,65940.0,2024-05-17,2026-05-07
700850,1016,Education Loan,4786018,12.64,60,Active,79766.97,2022-11-24,2027-10-29
700851,1050,Personal Loan,2756422,11.29,12,Active,229701.83,2023-01-30,2024-01-25
700852,1094,Business Loan,1733829,12.7,240,Closed,7224.29,2022-11-08,2042-07-26
700853,1134,Home Loan,2940917,8.05,12,Active,245076.42,2026-02-01,2027-01-27
700854,1084,Education Loan,4864800,14.42,36,Default,135133.33,2025-11-25,2028-11-09
700855,1055,Business Loan,3229927,9.27,120,Active,26916.06,2021-12-25,2031-11-03
700856,1136,Personal Loan,1011868,11.07,60,Default,16864.47,2021-08-25,2026-07-30
700857,1084,Car Loan,396525,9.3,36,Closed,11014.58,2021-11-29,2024-11-13
700858,1122,Education Loan,4455093,9.81,24,Default,185628.88,2026-02-01,2028-01-22
700859,1049,Business Loan,3583699,9.31,12,Default,298641.58,2022-05-07,2023-05-02
700860,1101,Home Loan,1190719,14.84,12,Active,99226.58,2023-05-20,2024-05-14
700861,1077,Business Loan,361298,9.06,120,Default,3010.82,2023-06-05,2033-04-13
700862,1117,Personal Loan,1530889,13.33,60,Active,25514.82,2024-08-06,2029-07-11
700863,1179,Personal Loan,1273304,10.49,12,Default,106108.67,2022-11-17,2023-11-12
700864,1019,Business Loan,2732401,12.56,120,Closed,22770.01,2024-02-10,2033-12-19
700865,1056,Business Loan,2778163,14.54,120,Active,23151.36,2024-09-28,2034-08-07
700866,1009,Business Loan,3040631,9.98,120,Default,25338.59,2024-12-04,2034-10-13
700867,1026,Personal Loan,1476947,14.97,120,Closed,12307.89,2025-01-29,2034-12-08
700868,1111,Education Loan,556285,10.13,12,Closed,46357.08,2023-07-22,2024-07-16
700869,1063,Home Loan,449147,7.88,36,Active,12476.31,2025-02-17,2028-02-02
700870,1146,Car Loan,2018162,7.52,24,Default,84090.08,2025-06-13,2027-06-03
700871,1174,Education Loan,1792526,7.89,60,Closed,29875.43,2022-11-30,2027-11-04
700872,1111,Business Loan,4824612,12.11,36,Default,134017.0,2026-06-20,2029-06-04
700873,1132,Education Loan,3397500,12.56,120,Active,28312.5,2026-05-05,2036-03-13
700874,1075,Business Loan,968290,11.15,12,Closed,80690.83,2023-07-04,2024-06-28
700875,1072,Car Loan,4074551,7.84,60,Default,67909.18,2023-04-23,2028-03-27
700876,1100,Education Loan,4040274,7.57,12,Default,336689.5,2024-08-13,2025-08-08
700877,1026,Car Loan,425584,9.16,120,Active,3546.53,2026-06-25,2036-05-03
700878,1045,Education Loan,1562360,9.77,60,Default,26039.33,2023-01-14,2027-12-19
700879,1051,Education Loan,2204514,13.94,36,Default,61236.5,2026-03-18,2029-03-02
700880,1177,Education Loan,3467854,11.85,120,Closed,28898.78,2024-06-05,2034-04-14
700881,1098,Home Loan,4375406,8.05,12,Closed,364617.17,2022-01-01,2022-12-27
700882,1071,Home Loan,953484,13.74,240,Active,3972.85,2024-02-15,2043-11-02
700883,1120,Personal Loan,349709,8.63,240,Active,1457.12,2024-01-23,2043-10-10
700884,1032,Education Loan,223897,8.97,24,Active,9329.04,2024-04-05,2026-03-26
700885,1003,Education Loan,4130339,14.8,120,Active,34419.49,2025-02-20,2034-12-30
700886,1047,Business Loan,4887458,10.3,36,Active,135762.72,2021-10-12,2024-09-26
700887,1151,Business Loan,4900531,8.47,240,Closed,20418.88,2025-12-03,2045-08-20
700888,1043,Personal Loan,3489945,8.59,12,Closed,290828.75,2024-11-18,2025-11-13
700889,1006,Personal Loan,3127630,10.5,240,Default,13031.79,2021-10-12,2041-06-29
700890,1092,Car Loan,4509587,14.17,24,Default,187899.46,2025-12-12,2027-12-02
700891,1180,Business Loan,2327582,12.41,240,Active,9698.26,2025-02-01,2044-10-19
700892,1098,Personal Loan,1263684,13.57,12,Active,105307.0,2022-11-22,2023-11-17
700893,1163,Business Loan,785081,9.72,60,Default,13084.68,2023-12-09,2028-11-12
700894,1159,Business Loan,3838773,10.54,36,Closed,106632.58,2025-12-11,2028-11-25
700895,1089,Car Loan,2061185,11.01,12,Active,171765.42,2022-08-28,2023-08-23
700896,1154,Car Loan,4950047,13.2,24,Closed,206251.96,2024-08-19,2026-08-09
700897,1063,Home Loan,4089827,12.23,240,Active,17040.95,2026-06-26,2046-03-13
700898,1101,Home Loan,226564,14.34,36,Default,6293.44,2024-03-25,2027-03-10
700899,1089,Business Loan,3177325,11.05,36,Active,88259.03,2022-11-04,2025-10-19
700900,1123,Business Loan,176417,14.26,60,Default,2940.28,2022-11-18,2027-10-23
700901,1059,Car Loan,2705970,7.83,24,Default,112748.75,2023-01-11,2024-12-31
700902,1076,Business Loan,2147338,9.35,36,Active,59648.28,2022-04-11,2025-03-26
700903,1085,Personal Loan,129348,10.24,60,Active,2155.8,2026-07-26,2031-06-30
700904,1047,Business Loan,4218191,7.8,60,Active,70303.18,2026-03-22,2031-02-24
700905,1037,Personal Loan,61853,7.97,120,Closed,515.44,2025-10-26,2035-09-04
700906,1070,Personal Loan,493942,10.12,12,Active,41161.83,2022-04-10,2023-04-05
700907,1088,Home Loan,430280,12.57,60,Default,7171.33,2023-06-23,2028-05-27
700908,1174,Personal Loan,3763104,13.42,36,Closed,104530.67,2025-08-23,2028-08-07
700909,1129,Business Loan,308161,13.54,36,Default,8560.03,2022-01-23,2025-01-07
700910,1048,Home Loan,243714,13.93,120,Default,2030.95,2023-12-23,2033-10-31
700911,1024,Education Loan,4356556,14.16,120,Closed,36304.63,2021-11-03,2031-09-12
700912,1106,Business Loan,432636,9.31,12,Active,36053.0,2025-05-04,2026-04-29
700913,1095,Business Loan,222554,12.8,12,Default,18546.17,2023-06-04,2024-05-29
700914,1151,Home Loan,4414759,7.91,36,Closed,122632.19,2022-05-23,2025-05-07
700915,1044,Car Loan,2196346,7.66,240,Active,9151.44,2023-09-28,2043-06-15
700916,1117,Education Loan,2710448,11.47,12,Closed,225870.67,2023-12-16,2024-12-10
700917,1026,Car Loan,2581591,12.14,12,Default,215132.58,2025-08-03,2026-07-29
700918,1077,Personal Loan,791602,13.41,120,Active,6596.68,2022-01-17,2031-11-26
700919,1012,Business Loan,520907,15.0,12,Active,43408.92,2025-11-26,2026-11-21
700920,1127,Personal Loan,4806071,11.48,12,Default,400505.92,2022-02-15,2023-02-10
700921,1147,Home Loan,4039139,10.07,36,Active,112198.31,2022-09-15,2025-08-30
700922,1147,Car Loan,2054662,11.84,24,Default,85610.92,2022-01-10,2023-12-31
700923,1022,Car Loan,3134183,10.7,24,Default,130590.96,2022-10-23,2024-10-12
700924,1063,Personal Loan,4724980,8.19,60,Closed,78749.67,2026-05-01,2031-04-05
700925,1064,Personal Loan,1591328,9.5,120,Closed,13261.07,2021-08-03,2031-06-12
700926,1116,Business Loan,4363889,12.23,60,Closed,72731.48,2024-06-06,2029-05-11
700927,1168,Business Loan,4593110,14.28,240,Default,19137.96,2026-03-07,2045-11-22
700928,1085,Home Loan,3935458,12.65,60,Closed,65590.97,2024-12-25,2029-11-29
700929,1117,Car Loan,2090289,14.45,120,Active,17419.08,2026-06-06,2036-04-14
700930,1060,Personal Loan,4471861,12.13,36,Default,124218.36,2025-05-11,2028-04-25
700931,1107,Education Loan,1030771,14.84,60,Closed,17179.52,2022-04-07,2027-03-12
700932,1002,Home Loan,2008691,14.88,24,Closed,83695.46,2025-04-03,2027-03-24
700933,1123,Car Loan,4960159,7.61,120,Closed,41334.66,2024-07-05,2034-05-14
700934,1106,Business Loan,1490469,8.59,36,Closed,41401.92,2022-08-10,2025-07-25
700935,1098,Home Loan,3112419,11.38,24,Closed,129684.12,2021-08-09,2023-07-30
700936,1071,Home Loan,2243787,10.26,12,Closed,186982.25,2021-11-08,2022-11-03
700937,1115,Education Loan,2718120,12.08,60,Closed,45302.0,2026-01-02,2030-12-07
700938,1099,Education Loan,3448176,10.27,24,Default,143674.0,2026-02-03,2028-01-24
700939,1178,Home Loan,2320569,9.56,36,Active,64460.25,2022-08-27,2025-08-11
700940,1144,Personal Loan,965810,10.6,12,Closed,80484.17,2025-04-05,2026-03-31
700941,1094,Personal Loan,1213690,11.6,240,Active,5057.04,2026-06-26,2046-03-13
700942,1114,Education Loan,1110158,12.06,240,Default,4625.66,2022-06-24,2042-03-11
700943,1142,Car Loan,1334324,8.0,60,Closed,22238.73,2023-12-11,2028-11-14
700944,1053,Home Loan,2496054,14.85,36,Default,69334.83,2024-08-19,2027-08-04
700945,1118,Personal Loan,4056020,11.82,36,Active,112667.22,2025-12-10,2028-11-24
700946,1075,Car Loan,1875083,8.11,12,Closed,156256.92,2023-05-20,2024-05-14
700947,1030,Home Loan,2566006,14.88,12,Active,213833.83,2025-06-03,2026-05-29
700948,1001,Education Loan,2501874,12.44,12,Default,208489.5,2024-08-07,2025-08-02
700949,1064,Education Loan,1035451,8.99,120,Default,8628.76,2026-07-09,2036-05-17
700950,1092,Personal Loan,467610,12.7,120,Default,3896.75,2022-01-12,2031-11-21
700951,1035,Business Loan,3145020,7.72,240,Closed,13104.25,2026-02-26,2045-11-13
700952,1117,Personal Loan,622183,9.57,12,Default,51848.58,2023-01-23,2024-01-18
700953,1088,Education Loan,4570422,12.15,240,Active,19043.42,2022-04-01,2041-12-17
700954,1132,Home Loan,250510,10.26,240,Default,1043.79,2022-12-10,2042-08-27
700955,1149,Business Loan,4564471,9.1,12,Active,380372.58,2024-04-16,2025-04-11
700956,1030,Business Loan,2485448,13.43,12,Default,207120.67,2025-02-11,2026-02-06
700957,1019,Education Loan,628207,10.35,60,Default,10470.12,2025-03-29,2030-03-03
700958,1008,Personal Loan,3248245,8.71,12,Default,270687.08,2025-08-12,2026-08-07
700959,1137,Personal Loan,967067,10.8,36,Active,26862.97,2023-07-31,2026-07-15
700960,1071,Home Loan,1038848,8.44,24,Active,43285.33,2024-09-16,2026-09-06
700961,1012,Personal Loan,2964924,13.97,36,Default,82359.0,2024-03-30,2027-03-15
700962,1062,Business Loan,4324021,11.6,36,Active,120111.69,2023-07-22,2026-07-06
700963,1170,Car Loan,2471700,10.81,24,Active,102987.5,2025-11-29,2027-11-19
700964,1021,Car Loan,2845279,13.49,60,Closed,47421.32,2024-08-14,2029-07-19
700965,1052,Education Loan,3770272,14.79,12,Closed,314189.33,2025-04-02,2026-03-28
700966,1111,Education Loan,2661502,8.73,12,Default,221791.83,2024-08-29,2025-08-24
700967,1088,Home Loan,2877750,9.39,24,Default,119906.25,2025-09-06,2027-08-27
700968,1081,Education Loan,4592495,9.14,240,Closed,19135.4,2024-08-03,2044-04-20
700969,1088,Car Loan,336458,12.65,24,Closed,14019.08,2022-06-10,2024-05-30
700970,1073,Personal Loan,2371121,14.16,12,Default,197593.42,2024-05-09,2025-05-04
700971,1146,Personal Loan,4461008,12.87,12,Active,371750.67,2024-10-22,2025-10-17
700972,1071,Personal Loan,3714423,8.28,36,Active,103178.42,2021-08-04,2024-07-19
700973,1061,Personal Loan,70345,13.92,120,Closed,586.21,2023-06-17,2033-04-25
700974,1028,Business Loan,4215060,14.52,12,Active,351255.0,2021-12-04,2022-11-29
700975,1123,Personal Loan,4344757,11.15,12,Closed,362063.08,2021-08-25,2022-08-20
700976,1137,Car Loan,2411772,8.55,36,Active,66993.67,2025-04-14,2028-03-29
700977,1014,Car Loan,1728462,10.51,240,Active,7201.93,2023-04-28,2043-01-13
700978,1176,Business Loan,4880904,11.74,120,Active,40674.2,2025-04-27,2035-03-06
700979,1022,Car Loan,4814014,11.47,24,Active,200583.92,2023-07-10,2025-06-29
700980,1060,Home Loan,4613632,7.53,240,Default,19223.47,2024-08-14,2044-05-01
700981,1153,Education Loan,612730,14.49,240,Active,2553.04,2024-03-30,2043-12-16
700982,1179,Personal Loan,2493347,7.78,12,Default,207778.92,2024-07-25,2025-07-20
700983,1087,Car Loan,4275886,9.25,240,Active,17816.19,2023-09-05,2043-05-23
700984,1162,Business Loan,3767451,12.21,60,Default,62790.85,2025-06-28,2030-06-02
700985,1118,Business Loan,1785377,7.54,12,Active,148781.42,2023-12-01,2024-11-25
700986,1057,Car Loan,3069629,12.16,12,Default,255802.42,2025-01-28,2026-01-23
700987,1010,Education Loan,327317,8.55,24,Active,13638.21,2023-05-03,2025-04-22
700988,1129,Personal Loan,3575047,11.28,60,Active,59584.12,2024-07-01,2029-06-05
700989,1086,Home Loan,2878347,11.81,36,Closed,79954.08,2021-08-10,2024-07-25
700990,1017,Car Loan,2025784,10.53,12,Default,168815.33,2025-05-17,2026-05-12
700991,1091,Education Loan,824324,13.27,24,Closed,34346.83,2023-05-20,2025-05-09
700992,1056,Home Loan,2801964,12.95,60,Default,46699.4,2024-12-21,2029-11-25
700993,1135,Car Loan,2574784,11.85,36,Closed,71521.78,2022-12-02,2025-11-16
700994,1024,Personal Loan,2053780,14.0,60,Default,34229.67,2022-02-02,2027-01-07
700995,1003,Car Loan,4094977,9.78,24,Active,170624.04,2026-03-20,2028-03-09
700996,1062,Car Loan,3927955,14.61,36,Active,109109.86,2022-11-07,2025-10-22
700997,1165,Personal Loan,3927423,8.11,120,Closed,32728.53,2024-12-19,2034-10-28
700998,1168,Business Loan,2012059,14.06,36,Default,55890.53,2023-11-02,2026-10-17
700999,1092,Car Loan,4959785,13.97,120,Closed,41331.54,2023-10-07,2033-08-15
701000,1010,Home Loan,173786,11.12,120,Active,1448.22,2024-07-01,2034-05-10
